-3.810564582836376,4.950073172917643
-3.7972280236570537,3.4212356348453326
-4.950276851891912,4.555967904445026
-2.3350675127398524,3.0873604672739607
-4.155074963802903,4.606280234394162
-3.121618848008497,3.795707825444418
-3.8359548147293276,3.2288751520014074
-3.6242757124060994,3.6789565075729262
-4.9500106619385535,4.055923396017856
-4.133728553246921,4.950124580254945
-3.62787523407034,2.0353526845718557
-4.95005470030146,3.2118017910654104
-3.1479033833657937,3.7144604100081984
-4.950003252993288,4.949600347266462
-4.172599038215965,3.896081149114347
-3.9007381654668274,4.950107117910277
-4.950034823248039,2.062077066376707
-4.950080706362312,2.956707120321391
-3.1784348351124265,3.433034141055793
-3.3842920425117793,4.9501740619369885
-4.95006653994426,0.511445683759167
0.970560386821205,2.070502950693812
-3.85436946436164,4.158212256246853
-3.3708414257663444,2.0024134280625097
-4.950304266170713,2.2659376751667026
0.971233972466637,2.0699320290760217
-3.831194943301047,3.2157574275092102
-2.233441410017268,3.239577943447779
-2.132177578555191,3.3915887061581653
-4.054103334402288,3.348209008388833
-3.8722767180168507,3.591707698726444
-3.9726795918435984,3.918375066878207
-4.172134802624438,4.950229102913912
-4.003026974924373,2.9138996424612467
-1.6941268648443808,4.157038837539428
-4.105527271899707,4.407033743643393
-4.253402865480778,0.5096731594666701
-3.387501080849591,3.693337117819243
-3.936891302184855,4.396919061853151
-4.828307889534705,4.0772727210772945
-3.445337584713403,3.48592049209856
-3.703996496615408,0.31685772317901933
-4.9500786685736555,3.223533183361637
-3.832440343083272,3.2119992978427074
-4.9502444211944505,4.382121475142089
-3.954461043057314,4.9502963531152595
-4.251716757800832,0.5046230003171001
-3.6808504757943434,0.3052181000551765
0.9818299747365382,2.0648727255954555
-3.0924635784915875,4.9503443524728405
-3.096327505374473,1.869278542095817
-2.598270615797545,-1.2080957901826335
-2.3494100143292167,3.0651941624963293
-4.950011066624982,1.9271022668257196
-3.0633281424278334,4.868664770267583
-3.5140537439667177,2.634378113109864
-2.655194518196212,0.5374196464904641
-4.0239204497087435,3.2643856141964402
-3.0290445752478696,1.959592849867437
-3.365117334867428,3.802462326440834
-3.3261813299895384,2.022367418515241
-3.6853554357097025,3.5196307544004446
-4.520229491113219,3.118219468118599
-2.2075494849951887,3.2785876783540693
-3.9503139368664435,3.36186337919363
-3.0445848496662156,1.9778262198091159
-3.164210875350673,1.9207578193946158
-3.386942549068229,3.2204434630585617
-4.95010134850912,3.0615355984407397
-2.2832779496020987,0.8404103658568222
0.9755498547370595,2.0679198059191806
-4.745946179851053,4.950378360771093
-2.2403043018836954,3.2288663603338046
-4.950335670099753,3.66694173458321
-4.9504584467062225,3.3399184926059045
-4.950513008179058,3.367173655999342
-2.9794618636604753,4.445961248256595
-3.1448579851542258,3.896356931958528
-0.7896757750527216,-4.950025657340047
-2.241735747146171,3.2267084512837148
-4.242437344719321,-0.031057739565562424
-4.950259343470116,4.6511800117200455
-2.7750442359245375,4.950232067718184
-3.573085088328274,2.17766812728503
-4.1747923800142415,-0.3058096679115404
-1.8721664195982914,4.950168073502465
-4.950066006583875,3.651959717454595
-3.998678781653043,4.129193800888401
-4.95022237475984,3.3704405004873363
-3.9635125119873313,3.960036750783517
-4.950056308321327,4.501978321601276
-3.421812782987932,2.0965239230798267
-2.2064372646414747,0.8795358272124079
0.9756987545689682,2.067978326060102
-4.7241800514298715,4.950267052683032
-4.272717188024702,4.950106052719682
-4.950118574244049,3.6366644437568985
-3.0207048945877517,0.4555539190889656
-3.0465796455177485,-1.0449894181597184
-1.7415583131748147,3.9776947617716742
-2.3120590332887536,3.1219420332252894
-1.8401555437976038,3.8296245154399653
-4.950377880572364,1.970334318420706
-3.8342861569055517,4.245430615576874
-1.3043748498669263,1.2328761060385767
-4.95008407744437,3.4797431429145003
-4.123378284518705,3.1403958081374586
-1.8979414318018148,3.743183467541927
-0.3313066346931542,0.43276828169775566
-4.950257661298961,3.3858097598249413
-4.950611507035414,3.7005173133464258
-4.950024247295182,4.550426369251327
-2.5937323626653015,0.5655916666047578
-3.0212605850727634,1.9549623031951158
-3.651377817215949,4.9502034683978815
-1.6962707123783287,0.9813436636704087
-3.0411132709267146,-1.0277904580748178
-1.1466060482972014,0.8030094842586856
-3.061585981665191,0.5302185817807669
-4.950044044580282,2.998902497289292
-3.066618467744125,0.5470642190439609
-1.4929967859175453,1.0375760418884115
-3.0579141273701054,3.210105533745042
-3.0191276856586824,1.95397755932631
-4.950079411011077,2.8374746065015333
-3.849818478403974,1.1082340247192264
-1.875992535030807,3.775471109462177
-4.208912506762176,3.5209155731678163
-3.0470592530992486,1.984129301814846
-2.668895758484777,0.1977621112420248
-2.9293559197948227,0.4253254174676922
-2.6305934653129053,-0.04331981525281529
-2.48122851346953,0.7708728222471739
-2.2389353919472423,4.9501301818662835
-3.396328980719969,3.187407937060349
-4.950306063469051,3.3232420247110865
-3.5080987433654562,4.950293157364659
0.9860159182523976,2.062618609056941
-4.665918916295162,4.950250307045285
-3.8036985213026724,1.0436939704042973
-2.3787284679345713,-0.5217169225815829
-3.039940513698313,1.9699904139833595
-1.649769680387909,-3.6227107807973873
-4.950006004001546,3.0079242925735294
-3.7607926637262374,1.666506772338702
-3.7792949526241486,2.0259597094511657
-4.211957264720457,3.2529837995414472
-3.179840473811004,0.8157034474623355
-3.4864376946446294,2.7042206582321815
-3.458756972502637,1.0989283063906672
0.3038455455382957,0.951327723871785
-4.950212099755275,3.658819527788337
-3.0282367187190697,-1.041178097007364
-0.48006622292536577,0.8987881017803429
-4.950001697572456,-0.8250229783352345
-0.581464184727499,0.260809880772174
-0.7618057261456278,0.22754528058779433
-2.7729432006971018,0.6423189129950801
-4.950150048164157,3.1129739469671103
-0.6557993573321081,0.6147562551083705
-3.020117095406504,0.454959728856667
-0.32917965553416817,1.2334363396256363
-4.950007561395362,-1.2538830052262888
0.7935167497089253,2.1589861906969765
-4.950224851656608,2.41754083457038
-3.040607876877218,1.9708953369353444
-4.95017343720859,-0.5359516187172902
0.19491678821847422,1.867839240649346
-4.950156766857645,4.8946090645227285
-4.950257399671727,2.6390142285169134
-4.3221342754457766,2.8688488782386776
-4.069226437069218,0.7963635119317066
-3.3269536133818916,0.6193656244679757
-4.377094709150635,1.0236061043294584
-3.8099011818065995,2.724818745717065
-3.659183797020199,1.401138967023975
-3.520070350703443,3.2695378174358622
-1.73389843955918,-2.4431605171598276
-2.8207071740546024,2.178865231676712
-2.2400686916168246,3.2300204353049065
-3.803020533704372,1.0404445274216718
-3.0362740993735597,1.9656099860243905
-3.8342838787769393,4.1972550351647335
-3.533258913763562,1.420953521743005
-2.97741070135312,2.1238044069206694
-4.950005921934608,-0.7111294349442585
-1.2717404995133144,-3.3733008678435863
-0.1734083595251641,1.3707541847445268
-2.9944932378744746,1.1595218938601806
-4.95003815329553,3.413129144600281
1.187283897594561,3.020812603769886
-4.950006692706433,0.4008427805696305
0.7510026783870415,2.1801071354160224
1.619750393292285,1.0770636022284934
0.7797046047443799,0.6741987430799053
0.25970545625114255,1.8972411649006524
-3.0279796985627287,2.0478966346492613
-3.4512862438490246,3.145190636679627
-0.742620056113438,1.1666242284206292
-4.950132027515424,3.131149485447715
-4.950113300408612,2.7078012912996066
2.6400807538706657,-1.5680495854925545
-4.950040390323093,4.9353793423416255
-4.950299093512218,4.89769383042815
-4.95021257873399,2.3648044632765703
-3.2781939956205886,2.0743142645643178
-2.8622037456522222,1.0479288706330172
2.297644531337976,0.3032942703920213
-1.6159631946988025,-2.5631473028642273
2.4485270126458567,-1.3632553761142603
-2.810868507905164,2.373640977127456
0.41852009546681884,1.5460663852715912
-2.826500618485539,2.350141359692118
-4.950068191374218,2.6156471007789124
-4.950041208878191,3.682723472251172
-3.0363738024916374,-1.0341963255602222
-2.5195922768301835,-3.1110358716269793
-2.6175283205811644,-0.09221051141594261
-3.7437937104484607,3.7348432461214394
-4.950023711642955,4.023434640314203
-3.052802430789052,1.1657927334532296
-3.549201261205292,3.1368262166741947
-4.497796637796019,4.163800081952965
-3.041955642881313,4.950359338680876
-3.3052144385590276,1.0092987623915706
-4.9500884891597,2.9498819342129248
-4.950000554840555,-0.1460717094940086
-2.206389475573294,-1.5891419838207739
-4.633831541135149,2.7838831160292457
-3.108775211393189,2.8515240279751755
-2.2841104297011836,-2.8844235152224
2.759505455689001,0.04107921889107913
-3.0017740403720254,2.0872653994688286
-2.7439385348395726,2.473696458830626
-2.9767499108064395,1.9557510224326662
2.710072120868818,-0.783987584501387
2.5170518812461404,2.87115422412896
-2.9860091800290056,2.111107077031738
-4.950018851463517,3.251617734121181
-3.7858172149553067,4.098527368672888
-4.950050033294604,3.5445119480047778
-4.9500273835617055,2.0330836548989004
0.5611483492106312,-3.434029463343785
1.3358381046716614,1.7319809972769968
0.08798576078837513,-4.864552628019807
-1.5885027364222608,4.207292018298224
2.1885783521335185,0.38822192854390764
-4.95006497700754,1.753063563403474
-4.95000083404681,1.1759105858647152
3.5887346057654286,1.7648663002101803
-0.7336618585299453,1.1078235249419583
3.401855376047444,0.3220952420470664
2.2074409755116178,-1.0741726790322779
2.3383894493927158,0.3263556367957229
-3.0609730214085817,-4.269880047641115
0.5616128110206295,-3.43445236088388
-3.324743489062146,2.3363559054117693
-2.798603589644185,2.212459373155344
-4.950250521382986,3.885686005270843
3.4767579928010064,0.4187804948483599
0.690649325038968,-3.5203778866328954
-2.6850061561560947,-2.553516257763539
-2.284139975104937,-2.9293843567893587
-0.7139821090713111,-3.4999692826302273
-3.940662168549147,3.9818143046244154
-2.656415221086416,2.4261305053437443
2.4888268726029326,3.787011024473936
-0.5266888310178154,0.28242100436189277
-2.7121211090689794,4.950589576278363
-3.3078479251698436,3.480963232371488
-2.9885790707668027,2.1071564342664475
-3.6935169759007636,3.911977386471805
-3.0494722983475167,1.9971125164217158
-1.387597064351106,-2.134853909436174
2.6311457529851348,2.899159344730444
1.7713079712301698,4.027522227207026
2.4709577933948776,3.791679516042345
1.7592701382370106,4.028218245714185
-0.07721043276875916,-4.853344929970588
-2.0340635414236226,-4.551360617939556
-2.8493287882003875,2.1364046038588502
-2.572002035391784,2.5520063695928035
-3.023311665173697,1.9559416818168986
-4.06260505158138,4.950152033614949
3.6509307953654955,1.0848137420323491
2.6838537244487473,0.07195675347079633
-2.3599446351240303,4.950599024147025
-3.410557826337807,2.1340729153437916
-2.9143197969011267,2.7608436038773796
-2.3552117137153212,-2.5207956773501397
3.231914699153645,0.14838391901199827
-3.5654456135179475,2.282053994576969
-2.6630188275283158,2.5952278462571523
-2.9266204805468163,-4.31301093402632
-3.0896347297666873,-4.011752432657824
-1.6181305216615118,-4.36553262083161
-2.855562029734658,-4.343667920217043
-4.950003393601953,3.3362638630508092
0.44334996629238377,0.8417136951816866
-1.396084970277278,-4.425090239440541
2.6102623058571073,0.1696246218845073
-3.046325460489406,-4.276404866610764
3.969610581415912,2.271178455522333
-3.929773425337655,3.980837943028635
-2.986353092818769,1.9523532745671148
-3.0258462917565323,1.9573573706902798
4.1568473522970235,2.034381797290046
2.1457772447719226,3.5826198805619325
-2.979613618926237,1.9543902519430068
-3.701581462722588,3.151624906873559
-3.7800669511762277,4.950000644309739
-4.187139439954322,4.950454045766528
-0.9115831103483201,-0.07281039042590558
-3.9371922706876123,3.9851373710201115
-2.984580070370746,1.9527562781741246
-3.538408742053638,2.4017511136531513
-2.9772746178107976,-1.0750254305623994
3.3162493955551153,3.196899644622947
-4.950051624523525,3.6635033453373236
-0.43211859859445245,-4.912664608454284
-2.441190674974157,1.394214781723463
3.7474900492448193,2.461352103082897
3.8061549571858446,1.900236238010599
3.803940909148116,2.8756673014314664
3.198924195701571,3.3319232159684318
-3.9298436860930237,3.979760902987577
-4.950094523041607,3.020161964832105
3.7476443794191003,1.3247526216256624
-4.152433334940682,3.574471105412471
-3.9257080870556416,3.9816959249841997
2.489393176000633,3.0328880247512338
1.9331949503399237,3.8951894969183707
-3.42146775280207,3.132494170191997
-4.950001129062022,1.9716402794224699
1.710125579597701,1.3280296868223818
-1.8485394577481047,-3.3447217371124016
-3.4295931554579426,2.9832768909782996
-3.9067257139307747,3.63105831533032
-4.950011592182959,3.7673686373951214
-4.416371786643039,4.950028889639151
-3.254623306633924,4.950056422309727
-1.0637095362644509,0.9457240534961844
-2.955488631845713,2.156464615417242
-3.780477480176165,4.950043986558139
-4.592619868079984,4.013682156618837
2.8743866786058994,3.6024425092504506
3.232098658916421,3.5528215529982092
0.9342581256069953,2.341470285383889
2.10200260181787,0.5024081694673326
-2.8440404818182086,2.3239224123378843
-3.0481645200420684,-0.9867880500789604
0.09521427381298349,0.7404717077666326
-3.409400506413971,3.3472719746945803
-3.9966207873698574,4.01034510730146
2.517475157674877,3.698825698633147
3.9208092161362647,2.5790667366434112
3.8095887387392438,1.86758430211406
-4.872243636601521,3.609589694657281
-3.0379139459435724,-0.968189297431974
-4.601627503399742,4.938261495822517
-4.852290560997775,-0.22181299260995144
-4.950022361845162,3.053263047025971
1.2477690699273416,1.8616941881734759
-0.2575585946810148,-2.8880825819755973
-4.811355290785741,-0.8978534255840448
-3.0289260978943933,2.0465963933160407
-3.8031268747779867,3.9232489000887187
-3.967646597110128,4.06893980979373
1.5217025899782997,3.419014749897661
3.179404950845285,3.5986373452471176
-4.9501834871235255,3.8673299979612814
-2.645386062768277,2.4421302181581903
-4.950042044448985,2.738999954643886
2.581475559135045,3.678800729825319
2.6017717028010545,3.7487765031604967
-4.950003942600213,-0.4673144111501406
-2.9721027460975233,2.1316354447348225
2.320413287705564,0.32598357105160125
-1.4099770905459121,0.7813238830179199
-4.654552951836694,-2.0049442168073357
2.3755918404350793,3.942303839126066
-2.0385790866158056,4.950096214637143
-2.1401962901464437,-0.1697062420595406
2.087776268281338,3.99592459855153
1.338040338287858,2.0171191528032018
-1.0098616126357802,0.20420965035022767
3.038032102880035,1.108307163169573
0.7480407120981657,2.7420019817675323
-0.5303482773491238,-2.7063854846735267
-1.1368221919073132,0.10680815892953886
-0.5264620784901177,-2.7089579569461986
4.046078404590235,2.4177818301343117
2.741391837420843,1.648729032250683
-4.893216359239614,-1.6122191162500623
-2.3279857186977226,3.098079477663589
-3.047271501103441,2.014776962081564
-2.744321361871595,-1.5340133491577792
-3.56288220911845,3.615270452328903
-2.095109285225656,0.23759388121384667
-2.23946415648086,4.9500382877113385
-1.1187739044960623,0.10381502510687625
-3.030385717673379,-1.4509443881649051
-0.4838302112131686,-2.737520305724165
-4.950023214622735,3.7253041588140903
-3.032317015855857,-0.9621452860548239
-3.640040297211751,2.439480056290984
-2.9076366482888196,2.2276633433494784
-2.9053141397838673,-0.5687610060259995
0.36773401662518146,0.699345210387408
-3.921939764101613,4.950535027051893
0.5618249032097313,0.9826453544748682
-2.7012718680725647,2.3584722594606777
-4.950008682761665,2.9260238484247227
-3.48361982998314,2.5531957973142134
-1.6785518265314916,0.23045386886861924
-4.909467683963878,-0.5631931816077292
1.9011318609051298,2.333182084405626
-3.810726887549712,3.312894641777425
1.983780977183173,4.0514139964484235
0.8993662076279639,3.173565265557694
-2.027768472014119,-1.707963554864902
-2.9972362884360644,-1.606749333478887
-2.533096532440977,-4.372267983103946
-2.7915441458394925,3.877701866456322
-3.623143731112211,2.9074491193384873
-3.3241491525604023,3.2551363399324877
-3.71306655220649,4.004384115218704
-4.950003933782526,4.100807904125371
-3.6198566998910615,-0.23947704568381772
-4.154368110157847,4.950206866660636
-2.0103950485262527,-0.2485374335008428
-3.3511188108054974,4.9502031891134886
-3.045742462592421,2.0195832079356055
-3.5158373374009217,3.500110995717091
-4.950218624084721,4.193207206653571
-4.01752146948829,4.008612323418012
-2.6208759814065954,2.4785748003541235
-4.950084240893842,3.71362433522087
0.9151169543513062,2.793874278179722
-3.0495767261447146,2.00043913623794
-3.953214674939075,3.3454951686380077
-3.7980138171828512,3.298242618093308
4.06743187827712,1.6420874526031202
-3.7840791595725904,3.5239325464896023
-1.2548478332113446,-0.15970146512931652
4.068910234303979,2.080532423143191
-4.950144930478857,3.7082281727669786
-1.7724101277211903,0.17982589189455458
-3.3421304371794087,1.415450052624414
-3.785280011283234,3.324177256931569
3.1101529101510805,2.6098040770602706
-2.0802245281767884,1.057791676850775
-3.9108187218037043,3.680105660899787
-1.8272501627579814,-3.401756066185369
-3.5745226162413597,3.028581684310749
0.8909305177659196,3.095819588610232
1.9333518053423218,2.3199093539621423
-3.6782598709498915,3.6974419024402856
-3.7138755251490343,3.424568458542161
2.5895404150776216,0.1426406774888598
-3.0155266123767146,-2.950712078846977
3.096576013780865,-0.21745109262599177
3.511009519954477,1.924738003072642
-3.805092307427903,3.327878851863193
-4.950248278947385,2.8860807374693223
2.0560325721835717,2.2621921829004465
-4.091564825731226,3.21371638544862
2.0024695319685994,4.049786152580545
0.8390360482553522,3.0944824684823944
0.988304054030323,2.39436417405054
-3.827673489420809,3.419890578452683
-2.022725485089187,3.555521757174738
0.6815504456504279,3.5476629956888677
-3.80861478196439,3.3025567357826597
-0.7846279359353909,0.9453787788674239
-3.7142018737284235,3.0951362564296048
2.4423810083854867,1.9945641808414563
-3.257574791797143,3.5405653170932707
-3.9035394915516894,3.34768746826943
-0.07625853321392774,-3.0089952575673586
2.7030661150635362,1.7015532048474382
-3.8062420859651973,3.3255999217048733
-3.997851124448333,4.950056042796669
3.124048875813851,-0.11367786958320487
0.7089437187830863,3.285440018409392
-3.026318277732432,-2.6349367318976396
1.2697590174481896,2.047326394996228
3.0156931119448793,-0.4284033997374088
0.16802996538358447,1.0162680428335047
-4.07102524067505,3.204635207818519
-2.675591691175111,4.950083353330566
-3.0253388671473394,-1.0428404962039783
-3.636824880120435,2.4315385244610765
2.9255369279985204,-0.5820411901803991
-3.7963673190703475,3.333297894275385
-4.950027855695975,2.8213197249197406
-1.8954537274898589,0.04292605902507339
-4.061936176415555,3.2321226336668074
-4.950001756076728,4.425279087083368
-0.8215718180287686,-0.35288777726745113
-4.245660676077184,4.950018676935025
-3.798080285931984,3.2981234996199533
-4.003844394636429,3.6817511539520376
2.0731412542265284,2.254981981117241
0.7963652449072978,2.046021895600494
-3.8856225110244207,2.5699460492062363
2.9452294705912183,-0.5543433250791172
-0.25807614821572933,0.9478731229918766
-1.8327005865778374,-3.281233312755954
1.0394748286770665,1.9698376168556981
1.1956679228436142,2.2775972531560935
2.948779937592965,2.6617373795990864
-4.3141744049176305,3.521473717012888
-4.950125498843036,4.020569631625521
-3.0792220101128773,2.4069694456857764
-2.9719813362608494,1.9586187744362016
3.338486783302936,2.7718181747305777
-3.334321354586882,3.4635132050673825
1.1646662047113887,3.8825577068145782
-3.0478929740577185,-1.013857510833769
-2.5784150082067816,-3.3936430019108004
-2.941535929005191,1.9976528288620021
-4.687921451793662,0.3592741149289109
-3.91983636209626,3.3402841707466404
-4.051403350620451,3.3050061212882667
-4.020828943524733,3.1516002197355495
-3.160964701219647,4.950138165457243
-3.3058437629530073,0.7998113184576053
-2.580482112078877,1.6765462348043314
-3.0468259659922614,1.9831683008987009
-2.42210967683322,-3.4737672794310903
2.3142927898294228,3.574458919683087
0.5891922644259888,2.273357099118311
-3.0418250799492292,1.9728318976995198
-2.988585877811913,1.951612193547073
-4.308761104808094,3.5264909693821265
0.47496444675636323,1.299418842592815
-2.8504442987887626,3.5139850689026315
2.929398942339206,2.7286568623065253
-3.0434579548575633,1.9760383247771125
2.4868358342181063,3.0778596923903363
-2.8368847202381944,2.1546281875151485
0.7507067887932807,2.4225778652201813
1.9885051130347324,3.4959590400616998
1.4739784749037563,3.4124114582406277
-3.9826464682122884,4.112374905195528
-2.458535868549182,2.90204207131114
-4.950056444468819,3.9374111496996274
-1.8268845567212233,-3.3721925707216
-1.3564861864915143,1.475636558533017
-3.5255755154909023,3.4385879297238024
-3.3792692781386333,3.1967044698188625
1.2592738637996856,3.2023237448963995
-1.8354382483558085,-3.2573108278361578
-1.4731534861101296,1.453954085970348
-2.994897365581959,2.0972927273885107
-4.301097787862003,3.5247935330519176
-3.4371164236440954,3.2128959146394935
-3.369876219843536,2.74359628347479
0.7996300610243828,2.408901090129515
-4.168069240984596,3.8084627849638224
-1.680548986487739,-0.05652488654537352
-4.950335197083661,3.5163059460803447
2.029084821800156,3.8381148089871107
-3.2267485976782018,2.13101235126224
-3.0458302380482376,1.9801194233566435
-3.1902864584082966,3.4843099534316786
-3.0468302628688964,1.983119941247947
-4.325561222072282,3.5376556056074184
-3.3741556873923493,1.8632425923565608
-4.184306690780135,4.950006071978854
-4.950227191097721,3.8797311386192526
-1.8310439640547969,-3.4484644571474425
0.7038670172787667,2.380430905885073
-2.601441984704915,1.7206971656820509
-3.3314854644563217,-2.1566624888792614
-3.03756830985931,1.9671154201599772
-0.46857529877536286,1.3666396342279001
-2.2639447373223804,4.950021215390105
-3.3080394225394807,3.254613914076799
-1.9046788434826456,1.3061356683034786
-3.44347457935299,-1.534448078739384
-2.9502225805632074,2.164549979668044
-3.1738865665638833,2.8585641934586863
-3.4027611957906094,1.8052145985223933
-1.2742418138654426,1.1647493622824254
-3.4382063960437446,3.2743599114144404
-4.191056745193983,3.3673447432501975
-3.5059118731264376,2.8993114461285656
-3.551317071894167,3.363398758051914
3.504440304766423,0.30382670959563063
-3.384747289159611,2.7442818166663288
-3.4404390288332576,3.21397507251836
-4.4472751604171235,3.5678198158200676
-3.4417359117423088,3.2136365420736577
-3.064623405615366,-2.8364436914834763
-4.950030940744039,2.7697016949527566
-1.644301590204888,-0.2278787649840798
-0.42788042155614764,1.0622466637419983
-3.4838792372200533,-0.9699113397222049
-1.205383836322285,-0.04730005316412315
-2.936305899673437,2.0060790467686473
-3.4677582784579544,4.727356339102631
-2.7558115055998686,2.4563523712222595
-2.905319069611698,-1.122891805018987
-3.3249848856507906,3.3517651326125955
-0.4032781152906485,1.297423467924025
-2.571409941844125,4.950126785935909
-1.336823503601378,1.5499550885528715
-3.3360655237910803,3.2643776759416587
-3.3218635805951777,3.26128455255597
-2.3791283656836595,-2.211894673667526
-3.479822305014425,-1.3322394600468077
-0.6682452060037885,0.3747700899674811
-3.007471048751388,1.9505976515879433
-4.95002871374315,3.7587374128289563
-0.5909434314574525,0.6784049165719249
-2.6770893703606764,2.574443185051598
-4.123460872631218,-1.1523908036297734
-3.3568900394283587,3.294348357180995
-3.5958246601511976,-1.3993763069304497
-3.4081951251570937,-2.5132768230127778
-2.513003496838207,-2.214836609838869
-4.1742634819801685,-0.8690979220451559
-3.5675748545606356,4.937545741866013
-2.9079165493532866,4.950135356126652
-2.762414552728684,0.35814412631209563
-2.983163003745346,0.12018133939347751
-3.490327635796887,1.6590871593580139
-3.3730702249012277,3.199917528063939
-4.9500517735260825,0.05587969396221324
0.551659876529271,-0.43949717805917954
-3.9600230420173186,4.950016590747752
-2.939993343413969,2.0002041911391473
-4.271954591029685,4.950450147726216
-3.751853325502435,4.519365075621956
-3.388035798930554,4.91015336207771
-3.7115709905064698,2.5574875936761154
-3.421380354439825,3.1815180352179397
-2.8280063837391993,2.3480899131213095
-2.9670263984857193,1.9628013296366174
-1.5657451732793668,-0.05441832235854832
-2.9112586502511344,2.043215057781796
-3.1619536004572635,2.300023790412997
-3.4813992992937526,-1.0475701589492552
-4.125728850510255,-1.1361184713281238
0.5913929404212397,-0.3939041438888936
-4.349737423249024,3.8643170134550417
-4.406884754227382,3.501746592702373
-1.8277404924682563,1.138333219414547
-2.577276390592743,0.40932983787444194
-3.488637644445208,-1.0826724023872998
-3.5975617841887675,3.3427686038983717
-0.5149247006431399,1.4175655257756188
-3.711960451427914,4.230427700961812
-2.9618072253314756,4.950081349548799
-2.9509325864848264,0.2509643594396147
-3.030193786892805,4.9500123159034715
-2.3771446719265876,-2.2115114830881284
-3.1462676212444816,-0.10246217463913435
-3.1403652269941738,4.790621801313693
-2.759560182018404,-0.5400394531193422
-3.788552653363391,4.95031629176292
-4.19267572889615,-0.7438019426555493
-2.8298360350499268,3.477361276973269
-2.9553283420865335,2.1568801985453607
0.9567382880913246,1.9660374795747602
-4.198585466492315,-0.693109533737539
-3.1283336730100766,-0.35193759502162403
-4.950138058007104,1.2223748997007415
-2.953270259225121,2.1601031860458617
-4.95021523838157,2.5748440269818755
0.585833892689168,-0.4001931016295556
-4.950057045858404,1.150425574017352
0.5848831659911968,-0.4014836603586175
-2.7055659058767363,-0.0791547599918683
-3.3019649817396903,2.4139497682379663
-3.4452655086999155,3.3812321619650234
-4.264473146517241,3.6347476371554976
1.1010347562446712,2.2091230927406498
-4.950156647480239,3.3739729574151216
-2.8549971233247713,0.5275779137394254
0.5616482024824246,-0.42818488308847835
-3.2644616944192997,0.21133583407932413
-4.557723202644946,3.7937728807747058
-3.212741490176053,4.950075706147044
-3.3281006357241565,4.950083147065564
0.6455055992787164,-0.33160591340654677
-3.4456345776190247,2.5720907619304194
-1.741047483847087,-0.05582760096499657
0.5863740995259192,-0.3998725066186957
-4.950103924500054,1.1505563301227457
-3.357365904497333,-0.4040886925402125
-3.0351987183361326,2.0368682053217255
-4.9500072822373244,2.1460972364036426
0.5861105410780632,-0.4001025976167356
-2.9345824857475287,2.1880993870825822
-3.972558062734305,1.4001121038204318
-4.9500893265899215,2.7293593294701393
-2.968658054424139,2.137012210260766
0.5854513701434018,-0.40079725235324376
-3.8732154459141763,1.9617247977844043
-3.642590293806144,3.1475022314048444
-0.5393991346530669,1.3835477071216096
-4.950049627295861,2.0620756150502997
-3.151494571940962,3.509148290712888
-2.8828372198876417,-0.08293000101757564
-3.010034972614878,2.0750627148193512
0.5893757664728679,-0.3960466505033079
-4.950237937589264,3.1137851854420164
-3.4682641228493827,2.5994128470604125
-4.028146808216314,2.4701533451186948
-4.9500296198769025,3.299153199794988
-3.520322225197575,2.3018469093240204
-4.010915268246119,2.3005652894869146
-2.943864669218632,-0.08644525374808423
-3.4424842691488,4.95005715491138
-4.950126090988588,3.647687843980491
-3.5031824896627706,3.3416527642276903
-4.950062489439742,3.1422766617968887
-2.020915220596242,0.04301508642979513
0.43956448392962355,-0.5686187302940332
-4.950104775555689,1.1392450267136187
0.26488834289325275,1.1754558492818883
-3.0247701878934,2.052726904691954
-3.0482786732408145,1.9880764441427163
-4.950097469881913,2.3600467972295376
-3.0160487206051023,-0.9530610937491629
-2.8413333523292654,2.3281375099399493
-2.115616227770993,3.4166044021575774
-4.9501638367340215,3.3256587534365116
0.4492742116154895,-0.5575154557962791
-2.872784519067711,2.2808098226099607
-3.6914587684970757,3.3723136338051
-3.049408993161042,1.9925621080110636
-2.9996166486211546,2.090555755873374
-1.9353640226656796,0.7440460822207258
-0.6436421930159696,0.10158788667587458
-4.185900653554192,1.5747058415592925
-3.0222458974440216,-0.045484779087717954
-4.950095547959515,3.4251889294549605
-4.95032234635005,2.595466918930961
-2.8362344020227495,-0.04740594103332058
-3.9547863182246474,2.6640974377544926
-3.593186216012395,3.403806731091459
-4.109753363765974,1.569087743544351
-3.0287105778694094,2.0466179165727856
-2.8871950940262954,2.2587672192658763
-3.91390960512724,4.533401030379023
0.9581756563870999,1.965612364602356
-3.585870352173789,4.95005375534497
-3.8212691145375293,2.9651128304685543
-3.9800950749780193,1.986982279087814
-4.950167959499446,2.9512440580877786
-3.535651855166712,4.950005084933346
-3.849694269117924,4.950118514738273
-4.950068901931662,3.145450193842536
-3.535971333646597,4.950010233537153
-3.824863974131937,4.1462156690815615
-4.108343586994922,1.5835336956713246
-4.020416781562602,1.3358590491132283
-2.8165630331078377,0.339012370079427
-4.95026227728783,3.86408062024634
-4.95000276872704,4.308722297203418
-4.950099444338766,4.122431128166245
-3.2122699852413157,1.9213506409288414
-2.7375989271060064,4.950605653212922
-3.342210138388938,1.0047066156891342
-4.950136310969915,3.5722552005211377
-3.9669397273535165,2.9023871411316815
-2.997838181841942,0.2424834626714018
-3.6007602568107138,2.1475944092190193
-4.198854154538156,2.6661958954386895
-2.94306723777436,2.1754623026314417
-1.0005720336513697,1.2616418519075638
-4.039652191389581,1.3327552563934644
-2.23966873679322,0.12138915977005348
-4.9501027280923,2.74911331622
-4.950080678525137,2.6523808678630942
-4.950067641649711,2.766636204160916
2.928800433862559,-2.50934735470215
-3.173383275780766,-0.38398379778034375
-1.0116894724681178,1.263353052094948
-2.5530664602714754,0.24887928265517206
2.353507509153432,-1.773577322309351
-3.302759023621626,3.642101327921472
-3.020831907870388,4.950051307247269
-2.8920620786869873,0.7971814987255205
-3.976582012500897,3.749922553559029
-4.950036171736013,4.188485758687259
-2.0506177607329485,0.3090277508126623
-3.5815165121943395,1.867971945828778
-3.0423898338998154,2.026126834829443
-0.6629800116482595,0.3903456118683125
-4.5732411103231945,4.768793931657849
-4.950107342901032,3.94961495723209
-4.018470839693691,0.8678886680803447
-4.5737368271376475,-0.3346432576348344
-2.7789650640987476,0.33434791784501217
-3.5551050500489536,1.9576411994153604
-1.7803080925978514,3.9194053819958787
-4.950216826441039,4.333023718863216
-4.25684249085173,2.622783266171902
-3.2089615778135894,1.0815014648126415
-2.886646373816553,-0.18662666360908794
-3.7455845794574083,1.68891222058435
-4.537195707589251,-0.11946427671122219
2.7546021634078333,-2.350406862173075
-3.8285338707348693,4.950048175946546
2.371932750128564,1.2695243630642767
-4.950099412937569,2.3765326468541326
3.1175794524763116,-3.0315169356762484
-3.087913577921026,-0.22961830911916767
-3.664304718398033,3.395746427829061
-3.7337023909785243,2.8691290784109773
-0.5179463566138308,0.8590882462915926
-2.9341304756095257,2.8003351075068452
-2.044388903704888,0.2613267800571026
-3.299155231441108,4.950037746447806
-3.6336539381632638,4.014613739745642
-3.7765397975214117,4.950459572187139
-2.545503817850043,0.026340355628439182
-3.974624990475435,3.7706831497361772
-3.9657188210730356,3.747725810844053
-3.963578448604845,3.755218489554771
-4.006975444071222,2.5828849516280314
-3.0434966748691,-0.24674220179246023
-3.610887189380224,3.3426463217193616
2.318471655943813,-1.547680237057376
3.1115143897605497,-2.647116557106654
4.0846683517261315,-2.928594339968067
-3.550724064282583,1.5897347691174213
-4.896504346259647,4.95041020902928
-4.0617288776793865,4.089437501483274
-4.950101169847134,2.912399191936486
-4.134981542018751,2.340447221169889
-4.091504549995901,3.9217155211088794
2.84599274202121,-3.354546018457927
2.8458953233235866,-3.3653313809349106
-4.950082742779154,2.4719122775357536
2.3748282265941736,-1.9645201196664912
-4.038412683904061,4.068505744284627
-3.2058788127059374,3.8109456226109675
-3.72392558900512,2.526451868299228
-0.5515462807685332,2.831594086312166
2.863471371037479,-3.2790896541256243
2.218113330558767,-1.3216543211906866
-4.066603170754037,4.950205567210269
-3.4417641166142494,2.425448338254613
2.1325467205028543,-1.0373919061040398
-4.950002565416118,0.6824209621141639
2.9423970183964694,-2.5204789265966916
4.084738841925752,-2.9365448449354514
-0.5515551343181316,2.831592142465491
-3.0375060768620648,-1.0325733701806077
2.3679337862749357,1.31705581093694
-4.950013732547684,-0.6379334332420639
-2.8687687364428407,3.4743217114539116
-3.204028804686257,3.6280150255958112
-4.950024543433915,-2.242222442283682
1.15018749508343,-3.826716474875396
-2.554585008760159,2.7577756606742927
-4.047969714936321,3.956476129664385
-3.26624318728529,1.0366049068620307
-2.602707803997218,2.685952639978452
3.2917300482074707,-2.7788476475028556
-3.602430950514889,4.950385546459637
-4.1667317188896655,4.950177036472371
-2.86384730214626,2.2940932295107683
-2.6474209599972447,4.950535443058917
2.3597735524768315,-1.785775673495144
-3.3961319396683964,4.950159403272687
-3.0198177662456738,2.0603650273750844
3.415928235304001,-2.6906380763962803
-4.950102633950863,-2.42652541335065
1.1499949196013146,-3.8266753646304887
1.5588315036714229,1.7139432664003056
-3.0379802434901957,-1.0322133763704073
-3.0578163922698325,2.5901396620180805
-3.0771048864772688,0.5885925044892781
1.1592312015071777,-3.8328859387820082
-4.488533330944017,4.341274871176575
-3.026866986943826,-3.4904681046678014
3.177362443954069,-2.691332142074244
-3.024768781858305,1.9565763364795798
1.0383200778208912,2.8327745018638373
-4.950051160680156,3.422900085125474
-3.0234161553675416,1.955850825170438
-3.417106194284637,4.0729930089831266
-4.0032595636661865,3.432363231318346
-2.634107044903098,3.0960619114550973
3.6870019355659225,-2.819648601218453
2.542171595431989,2.76276458448364
2.049209926310881,-0.08219442429795333
-4.3856257194723725,3.511267374024143
-3.577511635527312,4.950316193134711
-3.5332037371349196,4.159561243525586
2.370158824324958,1.2903790109519722
1.0259812075169878,2.7615467644124014
-4.950032778867674,-2.2423767733577913
-3.859923583932486,2.985744286130663
-1.7726171164769995,-3.2819895806658774
-4.9500222355398735,4.492198792779509
2.192398592060113,-1.2934014476390945
-4.95020469374812,3.5495307955051394
-4.917154850177537,1.6301041374823444
1.1592320477812343,-3.8328856449214728
-2.294204209598873,-3.966453176782464
-1.4916195366943978,4.352297611824845
0.8764773526503058,-4.130315679447979
-3.144047200330341,2.5321109975305776
-4.141504342992382,4.950148379190746
-4.0832631754912425,3.763991644747365
-1.4449457631568594,-3.795262065307821
-3.5853411489935803,3.6974949080684474
-4.077618263875541,3.8002738725149
-3.979792423241099,3.7817840267885856
-2.485810937710003,2.861308163397229
1.1592576753928636,-3.8328483361549712
-1.5338708673466295,0.6313652626658179
-4.950161373701424,-2.404323221132719
-3.0387942581281955,-1.0314728296155353
-3.0363626201746197,-1.034171683645833
-3.043417414776449,2.024568473533222
-4.215161985283183,-4.950304741648608
-3.628263729822268,3.45148211518746
-4.950063331446834,2.494927229844143
2.1934682909456216,-1.2515858797912096
-4.950482674122889,2.5902362833317856
-4.950474446180193,3.970649049945539
2.0041342004256286,-0.3606867036084326
2.6706529528253564,1.835586493990712
-4.9500467820239376,4.5235853339891055
-1.4108794467595434,-3.7357102690905895
-3.0191321282300607,2.0611557864956005
-3.2858926986061054,3.8273602607269703
-4.950074038437509,-2.3455108113941847
-3.8820156716979044,3.0280878475817294
-3.942597024500586,3.8928131677381783
-3.019145520651198,2.0611743051046068
-4.950423513352151,2.62211861314976
-4.950004428073037,3.6140860218203232
-3.041342135675907,2.027915070696322
-1.9690697728603281,-3.0283449437906276
1.9996950375089018,-0.15075695102861608
-4.1881585859914106,-4.950371465350266
-4.950180540389939,2.5269210859595987
-3.6428118841986796,3.443582445215407
-1.4462111198859906,-3.7967488311072017
-3.6875492624365545,4.950034796625013
-3.036663262925713,-1.0336117593171583
-4.95004326942286,4.178571234245569
-3.67049414676232,3.492948518449275
1.262885116833277,3.078135121008259
-4.950030174474294,-2.2178794889551514
-4.950113427084541,2.402945953546724
-3.6417140064936047,3.555433433366824
-4.950103353988965,-2.382905651963403
-3.038550329251236,-1.0313264978981038
-3.632437681789916,3.4519083744796486
-1.8140315058179994,3.868980344018081
-4.365842047240188,-4.9503492157956694
0.7369186369860511,3.0933543313410055
-4.062093367430568,1.4163169626407375
0.9288772010313071,-3.679313195096201
-4.950021493476531,3.854404725622525
2.0178687466789884,-0.5536465374880238
-4.188403728367523,-4.950461110896013
-4.369931778779588,-4.950144771274762
-3.1772066233265974,-3.330393125923096
-4.950034493100454,2.4061264281777053
-4.950228251400992,3.482020286258696
-4.950467300786745,3.5221470075390067
-3.405068514032214,3.8739133656033986
-2.1572582262389863,-3.9907252290263573
-2.6528021274580396,2.6104763310320287
-2.5633196511060934,2.7451000107233328
2.3764274179675486,-2.2210031315213583
-4.950019844883019,3.7327061538598993
-4.014665050752101,-4.950290528994834
-3.63820986189845,3.447620734496943
2.9762871693992525,-0.12239804170161094
-4.950022268783523,3.4709792228409078
-0.5994485352738492,0.8862870161758243
-4.098762428389532,4.109167431410621
-2.355657310869028,4.950005570127629
-3.6490698752591877,3.448446266559776
-3.649612243551026,3.4502703953538405
-3.680588861419103,3.382273091092326
2.3072481563032627,-2.0958975423856523
-1.825123980760714,-3.968976462895564
-2.6810602642881434,-3.7829075555555436
-4.950009753117998,2.990434313095173
-2.904728065981275,2.232983878329999
-3.1467719824441107,4.294784875428512
-4.950173517599655,2.4285980640043303
-3.0333426507545047,1.9631016687771867
-4.950083208715819,2.014910421262013
-3.0476442576959566,1.9854744979759928
-2.7067517482685215,4.9500067704878346
-4.950227607561135,4.041095615100637
-4.950090464077962,3.8943740809974012
-4.950058602557231,3.671235658330956
-4.9500045014786735,3.6298895866965815
-4.950062513801815,4.3431160507442215
-3.767111252045525,3.815048044451233
-4.950443242864043,3.6029118393942237
3.4272786016709684,-1.8852561735554356
-3.6147132898313337,2.913385487955983
1.6243054911682182,-4.142862703037772
-4.30222397271656,2.6804846902408004
-4.950227723332269,4.401758670488593
-1.4107543984732516,-3.7354241414910265
1.6242884678692393,-4.142878083358474
3.3819779604682774,-2.1989478219591594
-3.036321230468428,-1.0343205694734963
-4.339494441877668,2.2924961005140023
-3.0623122347037666,4.39865371485811
-2.757579756779492,-3.7258863516009697
-4.9500026361439335,2.959219558119922
-3.550749533461046,4.389502012195461
-3.7527928577256424,4.260743850325278
0.6543331291584654,1.315251564322494
-3.54404599148367,4.950056090341074
-1.43758121414859,4.433444773827595
4.202645797174808,-3.3406173890807933
4.019505906021501,-3.0004896706921733
-4.725170854694362,4.950586759619023
-3.189394635184796,4.45379696237016
0.41067285075670146,1.1841930508041192
-3.0295114141992263,2.86216049758146
-3.0144615241123445,-1.0499945084450364
1.0489862147210893,2.009579732039397
3.1928703864570114,-2.8662183551822236
3.056261063373211,0.5238424266238619
3.09672935396923,0.3189461548637892
3.568269857841078,-1.906176031508039
3.440133456035385,-2.920081187217647
-3.03679573277968,-1.0334768741156686
-2.746863019420745,1.3059834647903803
-3.776971692401555,3.509026839093006
-4.95000918273007,2.665774618369424
-2.2357234883174946,0.5560894360497063
-2.4698363483273473,-2.6388105338049135
3.430160534425169,-1.7812657457200813
1.9663832004969173,0.9932793222924258
3.543060433284264,-1.773287538612353
-4.950091319206026,3.7106717663003623
-2.9535179049123967,1.8233185109073171
-2.185472137224604,-3.9871100224667977
-3.7719727888660275,3.91020640315977
-2.957108737007756,2.1543850888559195
-4.382951172155361,2.2748332225813894
1.250692467801667,-3.8938241308487838
-4.297699675048792,2.960385145521198
-2.854093879386635,2.3085586092018477
-3.479973916358001,-1.6122224614095477
-3.7905822758481897,4.337861186613365
3.3485413468607845,-2.2044976340694
3.214806228402165,-2.1974495393085065
1.9861217012829977,-1.2754282141806097
3.253296810719172,-2.3678323380409934
-2.837773634236423,2.3333611618994765
-4.107429535791864,3.4621314238535184
-3.045617816784959,2.0190333062453036
-2.1897818145391907,-4.2798469527070075
-3.9085749958161844,3.7098860342497755
-3.3944951612204997,-0.3633887791426593
-4.464707559294112,4.0881338078796405
-3.049219845513045,1.9952439275378324
-2.271742305836567,3.182506298518828
-2.0138363581449648,3.5691704099921435
-4.9503925405139295,2.095970321557035
-3.58778339336257,3.8165187060004717
2.1342735597774354,0.4233752283303298
-1.407230866072458,-3.724600003516336
-3.0443365657038477,1.9771821758375367
4.025173265879585,-2.76606260934943
2.956182044194064,-0.6161173621940318
-3.0483735993527783,2.0111934790908386
2.5601697297219412,-2.465479507290647
2.654743117591678,-2.462388443064944
-0.7969690099742169,-4.722533165041219
2.451137766979988,-2.376820430090507
-3.5133252248776063,3.3459555240136103
-3.031978676743285,1.9618275294643985
-3.0452780884945327,1.979698325489734
-2.6796787713801513,2.570064420870154
2.2865876439943387,-1.833739199057734
-2.8830072559486783,-1.0180392382148962
-4.687150489913951,4.259988250223944
-1.328639644176346,-3.0665794849739805
-3.046327474914149,1.9813588547326941
-4.079915341091571,3.4424341905891414
-4.810386451763022,4.0534248710297405
3.3606015149341477,-3.074986711773396
2.665858285913127,-3.152900047719973
-3.4634475228520745,3.5983261318589186
2.905796979293608,2.9224392177362035
0.4574518614973115,3.5920277873194006
3.428373997563168,-1.791268151629338
0.6109929615717606,-0.37120156280714445
-3.0471134453468576,2.01464298412265
3.0658727857737746,-2.1434792908054376
2.721073010871748,2.5484727760177783
-1.0663423642167085,-3.1641284108767445
-2.1321773200790624,-4.322898069031878
-3.0183433351402877,2.062335015633278
2.2465700805406303,-1.9592448781022602
1.0277299769314123,1.9586551523345206
-3.4847352853734996,3.3775593657585214
-4.950216234890019,3.177272479343292
0.5514495993179711,3.2539574404546685
-4.950155015173531,3.5868933470045823
2.1742578680282345,-0.7511569470403291
0.8892629778878671,-0.05125516634916439
3.6709460885432788,-2.931313866699847
-4.445901910246693,4.950103614153525
-3.0481778626755625,2.01286757286164
-3.1789131722791,2.1467836224392594
-3.0451390162179557,1.9787867173010774
0.5032788370984593,0.28305681524225285
-0.998755554747259,-0.1727580158720702
2.5592630149744444,-2.464965313304568
-3.5184673859484557,3.340109604492777
-1.1871491536367387,0.5683555295125989
-3.8114370413690253,4.0762244496530275
0.8891591403499521,-0.051295638256176265
-1.9570970198356332,-2.738654328476004
0.5224181618175731,0.28926178830922267
3.026693831650062,2.396674409184874
3.830396270489369,-2.214913747341899
-2.5862038133859984,2.710402642010917
-3.2149914912663116,2.2718281596698775
-3.0439328477106926,2.0235054364956047
-4.950003940453981,2.398774799796325
-3.0277418765319255,1.9584496607131092
-2.19640292192524,-2.572513732993631
-3.486110319463328,3.3303537778298815
-1.7246500272183092,4.95038256718295
-1.6627362193417856,-2.9079279729583334
4.036114916162313,-2.775777272695264
-2.1715205809878273,-4.950073227576973
-3.0492807531158377,1.9918886223844994
-3.4307917106590673,3.84694657970531
0.6192754190029058,3.646972552654088
-3.0480580449326125,1.9871832565919618
1.0281370624330148,2.041093086836789
-3.256671429384124,3.248221618007236
-4.019110122758664,4.110669100609844
-3.9087849528522525,4.9503892201746575
3.773889475710355,-2.2066606713967283
-2.25089458671132,-4.950031856231674
-3.039134058949423,2.0310389619570035
0.361071173161234,3.453177853191371
-2.8795587713237207,2.270742477719606
-2.624924881791264,2.6522751699804674
-4.148780580525966,0.051841386453149806
-2.460843058725463,4.950456407983105
-3.0253332057987943,4.950002799621495
-2.775204917032319,2.4265663415071748
0.8749416421828419,-0.06784617381716634
-2.7703054637881803,2.4340297907079913
3.9140961536370082,-1.959974875781411
-1.9971227121786328,1.3267371049740422
-0.12830757969351927,-3.1543917429906845
-4.382089974622237,4.9504394419130335
2.636543424594442,-2.530639142653518
-3.779160963302175,3.4108570583284723
-2.763470875454319,2.4449312331857285
1.420373774644684,0.15784419590955745
0.8644193815319832,-0.07973361047997787
-3.24596805687997,2.3385780514376626
0.9853893058781701,-4.017542722424852
-2.1720152085067066,-4.9501448674792154
1.4480915862019632,0.09595089641674097
-0.09143008534838357,-1.1794070241414472
-3.43924368069771,4.950026708542393
-3.016028564846155,2.065997873648878
-2.577068209336467,4.950351998198578
-3.2237334581015804,4.950062604971549
-4.950198542821934,2.273210578098451
-2.435933819576554,2.9361425444079012
-2.8645147033255154,2.2929678316229882
-3.1333111093098895,1.7987454574303836
-3.56523752882661,3.4055886598286325
-2.551430834918228,2.762614480374046
-3.298937160818537,2.668281321953141
3.923965796907231,-1.9769339894745697
-4.018425630088099,4.950040594324311
-4.412685545522335,1.9301531500045983
-4.354220652405715,4.950388225429064
2.085600098791211,-0.9359655661827907
-2.630880160060137,2.642930698148389
0.3594790651357701,3.4526635344458225
-4.950007865306732,-0.5756904185180131
-4.467563498754512,2.000410864089126
1.4258972202077997,0.1445790463176827
-0.0013447488076559413,-1.0759557350443878
-3.630935217739532,2.9503055706872714
-2.80374923786527,4.950131361085024
0.9465804507159066,-4.092638842773771
-2.1415484996566034,-4.248023208804398
0.4595476355619111,-3.3663390301096494
-3.7346100587617332,4.95036797792112
-3.6069902852054767,4.7131145362036575
-2.9410601526716746,2.1784470615801688
-4.950211869859235,0.4525158545966133
-4.950011362863022,3.367934412036339
-4.950307528462406,1.7572674282175593
-3.145812662088866,1.9342467032485025
-4.950111648852556,3.5733053473090535
2.9666452632680054,-1.962998689158909
-4.950065967193299,3.343448396781595
3.25124028334096,-2.176119173690463
-3.3942749129280942,2.906187800242068
1.433836033268178,0.12620440976624112
-3.02506294269066,2.0515837628978497
-3.005542603016301,2.4111264949098055
0.4584575720643256,-3.3655877322292773
2.966627645328906,-1.9629999318257847
-0.0692771619570346,-1.1542773891753204
-4.435508281949918,1.9673553859724742
-3.738606657611483,3.4494937028257713
-0.6621730983641754,0.4021017478321431
1.5778439741070789,-0.2363218832587635
1.5179578456967304,-0.0037347303094619026
-4.019627924208543,3.954981429527711
-4.95035755351875,3.7180722243948465
1.07557824159905,4.121359971520076
-4.950109840401576,3.966215844141314
-4.483379349200516,1.9274163520964491
-0.028779347536910534,-3.7772114242493138
-3.40094538153183,4.207445246405293
-3.2496143255926127,-4.950475095980815
-4.950178763246733,2.892031409936467
-4.225025984462942,3.3411162056994375
-3.3001013645385453,3.117234967458318
-4.081019479909594,3.900859856642948
-4.950012035947399,2.840767831288478
-0.1235278228076511,-0.27021354715784235
-0.3916685344070522,-3.6357311860412644
2.5638378772562636,3.3139189258779274
-0.08252667341182321,-0.25338374363288174
-4.950427608334319,3.599921690964426
0.45833230621775195,-3.365606998706371
1.6358104019709492,-0.20391197232346078
1.5050826739595686,0.4380851447932324
-1.0563396876107731,-4.104518192233293
-4.668997597823923,2.5501066617558017
-4.950098356814716,4.000891894667309
0.4985620387967693,-0.5007487265772996
-4.9500965990183845,4.202958205901151
-1.066415081699341,0.35548365062016274
-2.8779504001725993,2.2732021979951242
-1.1802785030435872,4.819496357980808
-4.486392152691233,1.9282013582643247
-0.8979922208245689,-3.0180418259757316
-4.679613999534339,1.2643279166507493
-4.950390127989877,4.008641754317568
-3.213825834218738,3.114540142548068
1.1718649986713345,0.16212761720044017
-4.950057246051949,3.0090408833648206
-4.128975216974594,3.229497246482243
2.9665527644546223,-1.9628152221375286
0.4590124046690754,-3.365987463755579
0.5155704463176305,0.01732332219643648
-1.301279315559225,4.638152615601408
1.5272307889721102,-0.19238475593726714
0.7200890506669381,0.1247562687792511
2.549344256708745,1.3457047137703317
-4.950059963968058,3.6547208606128234
-4.100589557716579,3.9601556213189473
-4.95018342249791,3.732697686094898
-4.539380891731729,3.7328468049373873
-3.0915175235622097,3.7870654287963332
0.4590755633287672,-3.3661183737936486
2.5430042349281026,3.335556517229604
-1.4302133032935591,-4.46854823089975
2.0620745125858444,3.669371292811063
0.3489737214394646,2.269747151702479
0.371052144160415,2.2586091661459746
-3.963996526721767,4.005400234290503
-0.533558360523805,-0.4494081464537498
-1.3726184795289627,0.6783460337834986
-2.942416231359375,2.176375141072703
0.45891859732002943,-3.3658902610536203
-4.950047944192432,3.476676236585447
-1.1362616932528034,4.885593169176502
-1.2698829942031313,-4.394359898604588
0.5235127673117941,0.021126800016152726
-4.9500012083774525,3.632906759528776
-3.0202426160925464,4.425903212920922
-3.403966578636501,2.7750293412457614
1.5387062116762606,-0.7485001290388289
-3.0854782904762343,3.299747893881539
1.244662683276664,0.23858655191728745
-3.0324571994531637,2.0413306447082267
2.5199454558988847,-2.236531308896097
1.422408609064787,-0.1253437777403184
-2.0456587053461117,4.950011297490345
2.3421979221173483,-2.1800540257686793
2.202618925198304,3.6365596641785176
0.13174858364260908,-0.16378866706527467
-0.37608056618784486,-0.37482390833377677
-0.3855640874337201,1.0187327768994952
-4.664561867706781,4.260218217735196
-4.950017307531838,4.038264047336502
-0.477792472081417,-0.42054925474934607
-0.14177615226866172,-4.341164085623582
-4.950009102341487,3.7290960244873714
-2.045583300335696,4.950012245145205
1.5194194393145504,-0.6882079186308034
-0.08741301569371185,-4.35447493696682
-0.5810722212797004,1.0739782340828614
-2.736767666450986,-2.073955728902931
-3.3367186447075605,2.5679059002905595
-3.4352630799876804,2.76981777487768
-4.950098301598532,2.319071346789695
-3.6872602915330526,3.680949262829509
0.948629730190272,0.016587276315486194
-3.746264994240467,4.370622046653119
-3.857943654695839,4.0606564278502715
-1.1906404863989972,4.803885044697999
-3.3179411882478176,2.2941960225101705
-3.809640799548356,4.308936302307809
-4.950156262783289,4.425858502538088
-0.8248876535714814,-4.168216300044001
-4.950080332345674,4.751022506918669
-3.0656811434106137,3.239115506620541
-4.9500143321010786,3.4988794186482277
-3.8228780244963847,4.2924649547564675
-2.534397399401595,-2.4249589721343794
-3.331121684178714,2.5609258053662396
1.5468551289420496,1.5220546069381948
-0.08970976485591249,-4.353949525938145
-0.8325495870471075,-4.171086356462344
-1.8702584863281055,3.784002023153915
-3.3808878830871096,2.759912132327364
-3.2658264134217996,2.505464542292311
-3.4057810197999676,2.655450738780303
-4.950003705890423,-2.382697704176594
-0.09337901159538946,-4.353087401426134
-2.6109293672901575,4.05551776255268
1.5060379442536556,-0.6962785416435315
-2.791484720354829,-2.0117691043843786
-2.325945909113367,-2.438757386880958
-3.4636744048641006,3.7139155421996697
-2.0940117985675246,-2.595137361812319
-1.2591708801219932,4.701360996526002
1.4952199309598648,-0.6087208635706893
-1.1155167540862692,4.9167783270174885
-3.4087749116958723,2.3876232447052357
-3.578977651102215,4.069719248947265
-1.1136965699894845,4.919374003931979
-3.5925273175287002,3.626241188813215
-2.8813484219474383,2.267799367880344
0.38205666781357933,-3.791344553930679
-0.9173816646095666,-4.193964810805012
-2.607626588869841,4.109815610492844
-3.445101211459605,3.4167440029147613
3.757922525197821,-2.12422244797244
2.505068758750271,2.717979238425973
-4.950096968786872,4.191873557107131
-3.6962947961917023,3.7514402245929976
-0.9746060232353995,-4.159710277300607
-3.3124364366634724,-2.603389173322167
-3.3005118803302658,2.656037478027536
-3.792706052388749,4.950000896433555
1.8889891458820183,3.2667445853195565
-1.8621138511921553,3.796493235182003
-3.381211824080052,2.7601043491098376
-3.265724338740622,2.505827385636604
-3.7678936661966045,4.261155854865051
2.1101567717836187,2.570695745185676
-1.1537790654161364,-4.209660931510079
-2.637806738261408,2.191049232155383
-0.8576622310080982,-4.170815803259089
-3.68002301703359,4.950201406059719
-3.3807114219084293,4.950013567692263
-2.68546725655394,4.050611017415925
1.8491898731422556,3.557108653815938
-2.755559539436463,-2.0531200693528815
-2.87643152554367,2.0956750675328033
-3.6290564015813445,1.4506898393526158
0.47650164474037593,-3.6096462113765333
-4.950167731114609,0.19703385464191653
-3.5124027306986423,2.3259460693103713
1.976052474278523,0.4804268916626384
-3.5515635651394435,3.5450131310359505
-2.4964652883559917,-2.304384603078383
-2.787765233712303,4.043933294332861
-2.930176636666251,3.92105950082052
-3.3455914109654246,3.233335096559014
-0.49733377802177864,-4.020547279261232
-4.950096181632888,1.451203765456378
1.5005016352414196,2.941835268621607
-3.49388417532778,3.4429504345733615
-4.950104739739924,3.756679935778059
-2.791441643346163,-1.9098410501174579
-3.537226815040015,3.9101581398234675
-1.8220615728403506,-2.4122154638003797
-4.323685840968805,4.950402160258504
-0.6125926660321016,-3.0942920612618665
1.6743578663312757,2.8336027755100055
-0.6620380164853243,-4.113920759855913
-4.950342634298064,3.6510844978505594
-3.2250449863781765,4.113769200473621
-0.05326426561749207,-4.022516398625505
-2.5767436069969762,2.7249239307416824
-2.851838509181766,4.235961352166831
-3.634570520698102,2.5532133438071045
-1.3235865320569855,0.2934564563346946
-3.858033007777165,4.950119243853114
-4.950228673257038,3.362350964179805
-3.746100427085572,2.718390917081899
0.03820128052280269,2.536736690664068
-2.8582683459404103,2.122678920800763
-3.5181140367444024,3.2529184018360384
-4.512465609124716,4.950051543026864
0.2895625936994869,-3.703038802717024
2.6014778382132597,2.483436239847214
-2.2429694940932343,-3.995367866226126
-4.9502741374214825,3.8190790959385885
-3.5167976104143577,3.4882059013358537
1.9221232474321124,-4.341226318962657
1.8602506247125998,2.6409549967363097
-2.8807652379572772,2.2687949071518454
-2.842427007663051,-4.533760496451923
-0.6748520368490052,-3.7919340435027347
-2.0471332905082784,3.5192957923590624
2.118220466834968,-4.472221825956272
1.9498065645252365,2.50524699643876
-3.216227139141626,4.095105763443967
-4.950002827817874,-0.678129646728025
-2.6792041243043103,2.570918993219309
-2.7895710830823557,4.473148006758431
-0.8632800193661756,0.8891650019423555
-4.950148135082509,3.813352856109002
-1.7454934255959416,-2.4552212561996654
-4.424775419505269,4.9501383376609684
-3.9092254602047785,3.6963661120700038
-2.5745294550494107,2.728289303909163
2.0508492801059224,2.2902677916149505
-3.170576742938363,4.158783754494324
1.179757727522433,0.08924601877791503
-3.1919629041790105,4.223502553873008
-4.950083065454438,3.340060146823555
-1.6766373027459964,-2.527121029704111
1.9220807181463244,-4.341448572921905
0.055350977539851624,-3.3973747121621645
-4.950004403017688,1.709029511662214
-0.8306051954399897,-3.124102773722256
0.03794731573921201,2.536607995791509
-2.9474881571216005,2.1687657802133615
-3.837563820285616,4.8503552633414735
-2.7860635546308425,-3.7092161290851786
-3.6299212561319987,4.154845801946059
-3.267138910394876,3.8562638653328425
-3.433709864418699,4.271933456557565
-3.45144153954054,4.9501962432428845
-4.44254964133622,-2.8927405855876964
-0.3436479985218651,-4.150405771534243
-0.6388843551558034,-3.7382242390691562
-3.4110937529310927,3.1191453655719243
-4.950067164144836,3.7022706166099946
1.9221187800270343,-4.341261492135965
-1.3844386756253706,1.4078384998802767
-2.5754540376834427,2.5472002966300655
-0.6128694360053603,-3.1927017860138207
0.042474748250918105,2.534300683863268
-1.1333626482446373,-0.5307523720323344
-0.5182834728535037,-3.7749301999923537
-1.7653236695608747,-2.480216623426858
-4.374218536396472,-3.3867289957181734
-4.65949389210924,4.198364614912414
-4.59841072763685,4.950001175882925
1.6123261226488002,-4.134916107580026
-3.9521093516000514,4.669355528198046
-4.95002846587275,4.266969842140334
-2.7348269120608864,2.487602519448697
2.118380663147154,-4.472002654685991
-3.304140799725665,-1.091554138525683
2.1183393026160187,-4.4720556163265
-2.7574024138422364,2.453724540025519
-4.950498650704299,1.9414117727848184
1.8791255347100535,-4.312741349245376
0.06422048684835921,-3.4024235384478336
-3.1910496333694414,3.775046102338169
0.40375937318155103,-3.684710804494178
-4.950002916566031,3.1261974349860844
-2.8265718194069818,2.3499337673482628
-4.241233980926802,3.8018384646408143
0.16427832971484183,-3.535042198030508
-4.846581159327431,4.95038565646657
0.12512026277472926,-3.4460990605307495
-0.37736966396406435,-3.2612479287615908
-4.352791541953983,-3.5612069856066197
-3.3571365805791724,3.2465007867866125
-3.950480285026088,4.565931747433254
-2.61914605690658,2.6607723818638824
-0.8421758119853545,-2.4986330303970843
-3.4049294373712025,3.1245527160916615
-4.764004552551613,3.9233096615221155
1.621849130742368,3.178839832732928
-4.348735338499833,4.950302087814037
-3.2696257792626073,-4.473794660036127
-3.0948825875978474,1.8983181103307867
-4.950052852052895,4.602460872782318
-4.62996689478385,4.0958172396241315
-4.0515167418322715,4.290930423263509
-3.5226544021497053,4.9501446199583725
-3.986138055297666,4.649282180970892
-0.6223826692303676,-3.1898032743073035
-4.419555944896216,4.9500348579252735
-1.0965271733484607,-0.5216486589457717
-1.3159881148496273,-2.8829743459972423
-4.480652228139449,3.6870952845901885
-2.8063489525190444,-4.524038126166698
1.2605343905871598,-3.952261118255289
-4.393106299067675,-3.2367015391356397
-0.8421925808212976,-2.498620529386951
-0.44338912884718784,-3.242648687304309
-0.8210138767991468,-3.120639587742729
-3.16623291773205,3.2866714285758327
-3.5640077838469675,3.2057586395097495
-3.980305409180872,4.423222271966491
-4.3292966021478225,4.186121999446454
-0.7885186337470145,-3.1377238877368083
-3.643799234951901,3.3107497719273127
-0.09225379467884216,-3.3387599525233234
-4.230010302060224,-2.0498257893276235
-4.2252995993519,-3.968892355927782
-3.4984748312700806,3.226032718189116
-4.950044742329966,2.7112108716902417
-3.469205640123297,4.137213468082305
-3.7358329906606325,4.034704273469636
-2.9889412971637976,2.1067149086215387
-4.180488868131516,4.077448920732534
-4.392053593691124,3.714428795571275
-2.5596655648474513,2.7502295150128018
-4.535081007514965,1.6833823563911552
-4.620539092263585,-3.6609563149500985
-4.270461179214433,-3.892427449957813
-0.8422155725097312,-2.498603738300686
-3.4598096733521846,3.480428037281341
-0.19238322036058925,-3.3107470962173604
-4.29345583622162,4.950074104960149
-0.8130676980465873,-2.5180473435974062
-3.62267674385571,2.4725561824840216
-4.529398922692054,-3.14649748656919
-2.436656329977161,-0.7106840559737252
-4.9500712693048445,4.90890875537566
-3.61041387249348,-1.2458682708522697
-2.4907283940828817,-3.744676553873548
-0.573338886909568,-3.7810210897521572
-4.512986727700921,4.26720909461399
-3.453254375788241,2.992710124657608
-2.43199863126689,4.95021615761925
-3.2127536003605437,-4.481686152001006
-3.5334293675807875,3.3800479010492164
-4.950310776943714,4.523126864029866
-0.8597576486135898,-3.6711264845142746
1.0378270890546895,-3.7988961763323865
-4.3895679242253935,-3.263699770834468
-4.648334234854173,-3.69047080964466
-2.535933547047093,-0.7008130614413736
-3.5449094897738584,3.549124421647568
1.4924789594331964,3.2759629375806214
0.2612298829760632,-4.2734913120030855
-4.5468234682393405,1.580222059738876
-0.8421627326209957,-2.4986419861615787
-4.060924852174658,-2.297464865401451
-3.7738659577810094,3.8920679815747423
-4.54777066256539,1.5715713945837062
-4.950523171754043,3.6349017346278476
-4.619850820033589,-2.52451365966003
-3.367553513589143,3.53679941269987
-4.409412906782255,-3.3793292172164304
-4.34991380730658,3.67924773244003
-4.950016493424697,3.357938706432947
-4.9500006795733125,0.20312971423216275
-4.706651828767505,-4.0837280494273696
-0.8407601163596637,-3.1127728705301028
-3.4307555916647545,3.43483675944583
-4.405640077891919,4.2247016888351405
0.08111983792955293,-3.9084462935920308
-2.3922007801252763,-4.614081568012517
-4.731816012420684,-4.077141279121574
-3.9533123375388457,-2.7398913088404293
0.2940726077831004,-4.264382816124527
-2.4498978230585666,-2.4591086442306804
-4.324707248085357,4.110720438659482
-3.493986150831156,3.1157258508398096
-4.47159160080098,4.950199493442348
1.8780167519090385,2.829089371813494
-0.8390933726462808,-3.3834327076833426
1.9327855810907515,3.168521633928652
-4.864226301732088,4.950045606848823
-2.6381840005616555,4.9500300007711
1.70561928863802,2.353809719920293
-2.4975109059962177,-1.650220211878924
-3.5206154402600585,2.6766332930634316
-4.081640341312327,-3.813385694383281
-2.767536548172956,-2.893460934026502
-3.5099841675425387,3.5299224340587627
-3.574023398571473,3.5709059590192456
1.406761279001105,3.0045707219011
-4.611242823799058,-3.6512785662439526
-4.270477112469871,-3.8923945701887437
-4.788246971902301,-4.120699722561593
-0.0774844773195562,-0.3133511904801069
-4.213514267547003,1.4807797756818186
-3.9019007921455002,-2.8378634272301215
-3.94673557404392,3.9453022954476165
-4.397722543915962,4.9500472705303595
-3.955836634819531,3.936208194226331
-3.1699065004226274,4.10850766244524
-4.752798095657535,-4.103691118765934
2.6030333435661808,2.992451704057019
-4.880525520741185,1.3576070623197716
-3.1000522269977897,-3.4501524339561294
-3.547623700256906,2.178985839219092
-2.5784217755336853,-3.1815212280456184
-3.501647687682179,3.498582878407723
-1.7768685616328073,-3.7984067637765104
-3.6318774239525666,-4.074083815590238
-3.2590489839693086,-4.489469213001692
-3.514083704593259,3.2105778666917266
-4.950104545754433,4.165464771215339
-4.950010068951936,-3.04664211449103
-3.205381085608681,2.7846551888036344
-3.5163441645929634,3.2266805423316423
-4.197992472204224,1.657487080681313
-1.588293890736508,-4.167316191115585
-4.950096914523805,1.7428945207845106
-4.634188108353492,-4.048222715490229
-3.9515778826616534,-2.743702477082904
-4.75521308369256,4.9503361698135855
-3.4379395634848753,4.207318829880495
-3.958710641801326,3.94649407657629
-4.373994491084167,4.950222688323868
-3.876217670335456,-2.877950044491151
-4.032501154320347,3.9257209031105753
-4.676203746054154,4.950042062624454
-3.0034981243476806,-0.9502655009085084
-3.8955352924884403,-2.848299592054166
-4.803284854439267,-4.127376678838478
-3.667815562530945,3.803723572247422
-3.8962414568597667,-2.8471556308884973
-4.803125595949813,-4.127312833622181
-3.970577922371388,3.957673456799698
-3.7532575714454306,-2.6323605139780444
-3.8800632569960127,-2.87271961486662
-4.176458946347179,-2.2031217450285485
-4.9500225662404045,4.035798619013629
-2.853146373654001,-3.6312641884747587
-3.70254501446847,-4.030782859557425
-4.181085560200592,-2.157736623504971
-2.950194866238531,1.1282221403335473
-3.1239282483849578,4.618781653662566
-3.3278336638098,4.193009025762482
-3.623164023366953,4.076924632931707
-4.474877723294107,-3.8298636819810628
-3.8518908093615902,3.9941546661063847
-4.6040623289759655,4.950011372377028
-4.138977151595654,-3.574933165882434
2.104647420664645,1.6273998696598342
-3.4805194261691925,4.187466165756224
-2.754059121651303,2.2787791002721747
-4.26538321923775,-2.872103304490519
-4.431633541223849,-2.471439520676933
-3.8957990462632397,-2.7434287220575193
-4.820360584162401,-4.950200930428274
0.9395181126510102,0.49655256051142144
-4.001429805226327,-3.6011304642747386
-4.764454588284993,4.950115939311416
-2.191667137352124,3.3025957322969686
-4.950090084189985,3.3180220974514816
-1.7562041383195954,-4.193423289454964
-1.1095156685379353,4.950060843157384
-2.2809317997009493,3.1684103268889596
-3.617696604657286,3.9248673674981753
-4.078184613256349,1.666769325772504
-4.182031203011236,-2.1840272427202336
-3.8781259286457592,4.950054602714521
-4.621967672476316,2.2506994570583085
-4.950001832235733,0.18351597957631835
-3.4502499210354003,3.9795793422607657
-3.235670720085444,4.472799179302419
-3.2311393828950763,-4.233242359962105
-3.3703272432222158,4.220249370654054
-2.9499587641081857,1.128162400916277
-0.9272202701757034,-2.9793995266720588
-3.168903489678551,4.950015351212735
-4.203801485849596,-2.049533914720832
-3.554261152614781,3.527407783351335
-3.58004287922707,4.950043169375671
-2.776586528957409,-3.454345022960003
-3.118211920881272,4.617702839354452
0.5674127086115496,-3.43829915083634
-4.354551721703245,-1.1598544564178166
-1.7012072570496466,-4.184711695923014
-4.614663572538788,2.2669998684798087
-4.187209205335661,-2.1545224960086955
-3.617962197342535,3.925891806472441
-4.9500129166522955,3.6993135843540603
-4.205224989911492,-2.0404758212112264
-4.816670650582661,-4.950272540155452
2.1013763247443156,1.6239094007117276
-3.699646151890584,3.687033924650911
-4.0504672013741105,3.0170689226338903
-4.490557871086796,4.95037094158396
-3.6162369325962564,3.9238850455425607
-1.698293695823139,4.95012363148285
-3.980447194085758,4.95006371684493
-3.761697033567547,3.4777187513837995
-3.2729192177688717,4.950175790471227
-3.571390135858406,3.9500060618453956
-3.9531491886792716,4.252849751327339
-2.8099955228722493,-4.284678261676608
-4.950058145096825,3.0807398342523498
2.0453829280222156,1.5623108097737284
-2.271703913244258,3.1823216225665725
-4.82912192157328,4.950001210319517
-1.133238090983099,4.950016574055737
-1.1055217209567423,4.931837675340923
-2.2838571081013166,3.163998218514529
-4.631968275621075,-2.019739471551046
-4.447900222793472,2.455511642151456
-1.753543425445011,-4.192858765590323
-3.639205277141819,4.023759786053636
-3.7876186541619066,3.901801658984402
-3.9290686628073894,3.750433231178963
-3.7377989472735327,2.3454331464515
-1.7177841150979463,4.013060470907583
-2.547614931612248,2.7684026115163354
0.054609742655041475,-4.798966035925483
-4.770474214598159,1.636613360319776
-4.950029853467592,-4.51376693575822
-3.9232156989484097,4.950519581853304
-4.95000465108816,3.5837075276898585
-3.9506617565842186,-0.6821146398361745
-4.9500878114388795,4.06554343785998
-4.739925682133686,-0.7744633794830645
-4.513379221284469,-3.6502541353100724
-4.551364710173004,4.9500672403053105
0.9726849529260467,2.895069602550055
0.07639179092893082,-4.801472955751837
-3.9802409598432926,-0.4233821408936245
-4.9501353808542286,-4.522412388699542
-4.097761900468605,4.136876187921466
-4.95010921669137,-4.928858902292091
-4.252185049651815,3.4215910042339206
-4.1676423222210754,3.9977629391132448
-3.8773997305873635,-2.3479091157375622
-4.022813272490665,3.834456693527314
-2.9925295889668733,4.218291086164234
-4.950037146642275,4.694033572034737
-4.950017423282756,3.542048882841914
-2.9816559695573837,3.3570583269245873
-2.6514768382672504,2.4328110023698
-3.349659089683057,4.950003240174443
0.13643232323827792,3.5324537793079425
-3.065076784573824,4.148740366429429
-2.5381282659851134,4.080073903005679
-4.4242155425576355,4.950079599054631
-3.8808119445690306,0.1222872074223925
1.052961477907553,-4.859186748558763
-4.9502052083480725,3.8153954927422293
-2.9557406615507844,-4.459958251140283
-4.95024750064279,-4.554795536623564
0.11411649048439156,3.5408545246045113
-4.950261806379527,4.410223299458867
-3.348515093913997,3.2321371128002365
-4.950040812126826,4.051039968373775
-4.950154099055738,-4.946538994694768
-3.9437849846231825,4.264334602850491
-4.950156337333044,2.2582720108545997
-3.1502376509962855,4.363778111063194
-4.5276997733997995,4.950303106195618
-1.781164123644263,-4.070051438956873
-4.239391848857332,3.8643207121543206
-3.0284776337199903,2.047052575994228
-4.096943583791053,3.9406785544413956
-4.950237723919352,4.639638674917523
-4.950131172577946,-4.718433418587319
-4.950387426099292,3.6907652186270083
-4.027389150886573,3.73602084032402
-4.174901351104815,3.998100241265398
-4.9500673930969885,-4.55465582383253
-4.950195493465469,-4.941964719904009
1.3418294941580848,1.6346284528870985
-3.974759408803582,3.9486499872568355
-4.950036829431963,-4.7038577360304625
1.3367680290628694,1.6190279487327341
1.48273618021049,1.7295836061103025
-3.335425360930336,3.1993709320209343
-4.950070972245301,2.5474164540659374
-3.3217004812018365,3.1909385302722497
-4.9501080232675925,2.783076351900872
-3.483931314036117,-0.368208307949789
0.23500873429891816,-3.216719891344836
-4.950155603213315,-4.458769078605222
-0.14739977870657647,-4.480041641274813
-3.2637926944767557,4.950356408010838
-4.054663720389398,4.950229400801197
-4.950006069698935,-2.923360291708151
-4.950173403310813,-4.94778707873866
3.7737540589901903,3.434072613306607
-4.9500738910191915,2.998831060959349
-2.084190697521391,3.2837682337752554
-3.615596294259296,4.249098181280724
-3.3390367510278747,3.2237814162941376
-4.223378234320162,3.7774509625297847
-4.950126498041849,4.006535248205581
2.299621231407143,-4.724723567924103
1.8198622588745976,-4.750613310348876
-4.950006380062961,-3.172528815187987
3.7828280575407733,3.3087685084298912
-4.9501053114457125,-4.709405007715519
-3.076946365529731,-2.0306939972993874
-4.950038876194418,-4.360850815415817
-3.3858570543570203,3.197940411965779
-3.397527889071664,2.672205836587192
-4.2086772050364205,4.4110394799069494
-4.16935715757738,3.7712728843644885
0.77469028707875,3.165595406787672
-4.950110847955846,3.5446570181939068
-3.3235569062989296,3.196189564252857
-3.0284418582414583,1.9588940988954424
-4.276462141567021,-4.125264547952503
-3.437757056498157,3.1380101611556475
-4.9501148557881525,3.7837840175937782
-4.950010377482852,2.9225396176609864
1.3445056911087154,1.6430180290674847
-3.7624933663612428,3.7464855765886957
-4.950067946702705,3.9436977214130424
-3.3759093744015543,3.190287624985534
-3.3438384246986166,3.1268784732966197
-4.950008822122136,-3.0710409033136763
2.3449368324936306,-4.722546473044033
-1.6130702680588358,4.950076441439812
-4.95017625331234,3.612720579984546
-2.9996386057595026,-0.9502624154598635
-4.602708906067831,-4.950379514961063
2.3548847596364566,-4.7220838780423495
-3.5663997803086387,3.553574845894004
-2.013296910319682,-4.660553928922027
-4.95000512261988,-3.1605259099182157
0.923455651888266,-4.95000591508051
-2.382741180381892,3.0157035146197755
-3.61720028811101,3.7810811064400256
-4.50763034689883,4.950067112832035
-3.3372616481044064,3.2151815212481227
-1.3557141169076339,4.950178148749879
-1.8969605163593928,3.7441726883514033
-4.950015701918821,-4.715982081934807
-3.485215389669328,-1.3280337875277686
-3.8528210131312726,4.025491711782219
-4.7042898792646275,3.7336422832180327
-4.950075858992339,-4.368544851334108
-3.0587833986501374,-2.053090958656381
-4.601399079635143,-4.95035691417851
-1.8513163913170974,-4.683292305328212
-2.8792352827957277,2.270982502026358
-0.6988603140788975,-4.207472517778306
-4.869309191653795,4.950122468876699
-1.6736347248896066,4.079530977669562
3.7830032839422634,3.3868156355500005
2.3600907518463767,-4.721842236534116
-4.669311817314119,-4.9501930689665405
-2.772986074016616,2.4304986723534525
-2.9938240431783485,2.0992064314782013
-4.950294814559268,2.7947572456608794
-4.950032881877589,4.0442287345044345
-3.216088363703383,3.082563155535526
-3.8371488494813124,4.950272654183563
-1.6170593985350001,4.164342206668885
-3.004610401193137,-0.9504155716044332
2.384225485668195,-4.649336166418331
-2.0726419365034996,3.481054566285466
-3.0069077378396663,-0.9506584418260697
-3.0012496938202933,2.088053308103787
2.3712785392104547,-4.721329132330145
-4.9500011396023975,2.3274629727468255
-0.9318271026083218,-4.195655749335654
-1.6209105070705838,-4.713081895273119
3.7739048353714546,3.4741087249219427
-4.950021393606503,2.433127934185466
-4.950116843870165,2.589197395096635
-4.950007759929762,3.7654186266063445
-3.0050486121382423,4.450062552119848
-4.830375781727064,4.950238006777854
-4.268443742638515,2.507054878690977
-4.950157858335638,2.876354146613509
-3.188339848928862,2.7935362840611244
-4.768529066213843,4.950073589668397
-1.8318526197974134,3.842285346276616
-3.024881476317681,4.950105543790348
-4.747227960956027,4.950026084691179
-3.257086718228551,4.950122657802257
-2.839933684697083,4.950077613051106
-1.7270964104637756,3.998892397725532
-1.597332357563458,-4.716022529839874
-2.393050337364727,3.000286003226785
-4.751026874592463,-4.950045591618125
-1.865168721948135,-4.681410722339226
-4.001285759403426,3.767496574434907
-1.8747669152055415,-4.680105042666977
-1.6011127361742903,-4.715551160697202
3.7743830229350843,3.473574078844918
-3.146200683019431,3.005176365606878
-4.950165537276584,1.593810182759746
-3.4151876466648488,3.1149761614440132
-4.950165679102847,3.6918044230003417
-4.950011304469024,3.6269444260864905
-2.0513957466262887,-4.147514478695491
-3.4565249461006395,4.950004404791692
-4.460888144297234,4.950114546668566
-4.950053640125397,3.570209811543012
-0.7592945525052143,-4.204315015621212
-3.439427772070549,4.950179067112202
-4.571227115107457,4.950135762084654
-4.143366857162985,4.950141348649947
-3.518913203405281,-3.4904235705335402
-4.950007615085238,2.2362788191341614
-4.9500321978334405,3.765363677680155
-2.8043012467506974,4.9501712189086815
-4.11510814945561,4.950285063898578
-4.950101120272422,4.844119591818132
-3.655604641860604,4.058148158086115
-4.950077979210523,4.390243406802104
-2.4928599096104564,-3.9936907733634244
-2.712433503168544,-4.154838664120474
-4.950078478685702,3.9501475385589253
-3.384063364026996,3.153744180315676
-4.950120960646755,4.439435195297115
-4.221570132899735,3.9473786739092835
3.7861217088564203,3.2784412107466947
-2.0117980391168953,-4.679035300879951
-2.941490127926838,3.660306441265563
-1.2841753929326298,4.6638179678895675
-4.950080302312047,3.6674968936097176
-2.6281251940388355,3.9571601218711696
-4.5924288596022045,4.950226908746015
-4.950061472984133,4.657978213441153
-3.6594072236118023,3.954601081618628
-4.950049282468069,2.696657667055607
-4.950142500763811,2.6064660776238866
3.777354752463184,3.3997697452357847
-2.792755154248215,4.232029825869536
-4.950002232543581,4.128803009631705
-3.5262527328176425,3.755620290991564
3.7610065567188884,3.5222181254215346
-3.3834179284351116,3.3284060051855198
-2.7472993224075304,-4.138471929559948
-2.0277228048130356,-4.155391117546227
3.78049279832022,3.4184810685764964
-3.982460337441824,-2.509449438439194
-2.1143604466734263,4.950035687991823
-4.950023472994557,3.9471327453680867
-2.974671301969809,-3.594577063570396
-4.950022067006501,3.6181088964555426
3.759394830614833,3.530444966805302
-3.8389617609381927,4.0246470487373776
-3.6911511009994733,3.73739940384098
-3.3892349479358383,3.1594835842052866
-4.950041040635836,3.9090130656199107
-3.6780135938120555,3.8595507227697987
-1.6940444451801997,3.2914251282042275
-3.0408780655230876,3.861078363948015
-3.1601474584128537,3.7123133368708583
-2.852989268019543,2.3105432755662467
2.248490496538206,4.95005971473803
-4.099811799817001,2.296673090225228
-4.868453496224702,2.616051438865082
-4.950114489733662,3.8501013390182286
-3.948782454534292,-2.4776208659308327
-2.7450764680007764,4.950194623150121
-3.5238297936978977,4.9501505233503895
-3.070833262481043,4.950007448155132
-4.950087736950032,2.622450770934181
-3.4410629220120494,3.913532761633365
-2.797660385334257,2.393319513124868
-3.69280622640067,4.950042673038379
-2.992977665617633,4.950069021541004
0.06577726768925746,-0.9984172613896749
-2.4036898154707202,4.950023795786221
-3.205600770190042,4.950005705484989
-3.9899834273302157,4.950035024490015
-4.950056320198409,4.39023822481679
-4.786697927310898,4.950117473018787
-3.6211181665308434,3.972856512655282
-2.833663461077068,2.3395607933241487
-4.950131278716913,4.1042421973397
-3.3025304247312843,3.77939040670387
-4.246065867176694,2.4194615394395553
-0.6780781950848904,-4.115596083899246
-2.9578214384889554,3.627086656267797
-3.005310070804571,2.082045723928816
-3.469364991889985,3.3484057098402116
-3.8940124591995238,-2.4892307725448943
-1.5781909151497204,4.222450678786474
-2.282865866871887,4.950172384163473
-3.298548400834324,4.060484312395738
-3.2772515321373055,4.1827011081725
-2.663827656506384,3.9501906224088086
-2.7530656711174566,4.950099121947073
-3.3178283188764293,4.950032325426244
-3.3131676863804076,4.9503026273599575
-3.0579677417884223,4.950039407148784
-3.939435648305503,3.952697107749016
-4.795140723109853,-4.807537230990622
-4.950224215730015,2.5997392190718496
-4.950142836488119,2.546884834705163
-3.303111301877151,3.711440343466268
-3.82858963738004,3.886060595439747
-3.6820908253193023,3.7923252426244467
0.7480299199731155,-0.21367715571782805
-3.202189886674359,4.950037304925848
-3.7915108650619285,4.950106805485327
-3.2624324814409342,3.270050431366873
-2.5214007187209764,2.8079577399943703
-3.8976375318757297,-2.4865889935748933
-4.783836378158458,-4.904194701629792
2.700377119085256,4.950017590958661
-3.549698616947293,4.078815517552493
-4.435688372579232,4.950282197485504
-4.536369757682585,4.950118420707484
-3.6624822136637816,4.222913058865121
-3.0833011871765574,4.186215685723472
-1.9791194041220102,4.950120956279387
-3.0369549931343887,-0.9664720287336197
-4.950062607302447,2.7327537222607283
-3.2422111884946374,4.316337806005099
-3.749207764638412,4.950343859430064
-3.413340141538992,4.034262052653046
-3.0368069415142633,-0.9663290355807015
-3.5587287391559097,4.019526660470886
-2.068136123909809,4.950185424251973
-3.743853257403075,3.7763755818823044
-3.0551130389501893,4.950048332638219
-3.2317644641822842,4.634566241201078
-4.950018140873844,3.5463419025169918
-1.546327821833761,3.328859600756918
-2.8341537858679673,2.3388413331246785
-3.293484449309615,4.830461833431519
-3.2014786987033625,4.9503249556651765
-3.322920511633093,4.950279109639142
-3.5191284688787325,3.1614860814059016
-3.9309111201612152,3.515355904727716
-4.1357355921676575,-1.6990507741112866
-1.8241890413038848,3.467733937184916
-3.65979723773273,4.031804920189652
-1.6336184132035203,3.9594738817249224
-2.12083009590725,-4.950098999065596
-3.4065858656748036,4.217074884279562
-4.950144208091291,3.2501731249522723
0.2947544472521406,2.2968753711328898
-2.819300936554768,4.950269597835044
-3.021171015814559,3.9990339940926893
-3.4337598115274015,4.950002226302227
-3.6469046652861548,4.227228988851404
-1.5083258489924727,4.950024071523106
-3.484662235187333,4.950022772594126
-4.118195007228752,4.950025469512854
-3.6882709967120686,3.365850873699649
-4.950134046890263,4.598208440301225
-3.101350912964264,4.163182426491386
-0.49022392719395136,2.689554386052472
-4.152422610074673,4.950023938051222
-4.126627425656605,-1.4968967086140994
-2.362137988098222,4.530299602477261
-4.95002349930813,4.006413325098795
-4.868776317159055,4.950225958642757
-3.782674933464645,3.5020228590998785
-4.13812386531542,-1.3104598186232779
-4.950303424188519,3.1196447259997844
-4.950321585320289,4.046287982639845
-4.320509412820099,3.8207073141363543
-3.259835403034591,3.230237473684831
-4.950047839655935,4.172286440821456
-4.950170210252507,3.7371746520644984
-2.763284412004475,-2.108771993203953
-3.6017227525925177,3.3666691369990525
-2.889456509454165,2.2558770046558574
-2.142568398693914,4.9502115812210485
-3.3437184936231645,4.9500363526671896
-4.950036963839754,3.7222321555003677
-2.8751080712661996,2.4902153143573362
-4.5878144814440684,3.4925732884710743
-3.4789122014297242,3.9995676878285553
-4.136777363457644,-1.7098828492744778
-1.8593488322064333,3.4851549359423593
-2.3641955876484673,4.556533602794364
-4.950010223430819,4.2266451114114725
-3.8200058565847694,3.492377491820391
-4.2110318958942665,-1.2191200759653629
-3.0667255852037987,-1.8476756228789544
-3.7122856723815194,4.191048234336485
-4.17000891805838,4.95009771618111
-3.1510756644214597,4.138397500473932
-3.6594108107271124,4.116425334860514
-3.8844786474868127,3.876086901258874
-4.150240836374851,-1.8209707730147715
-4.950056197643372,3.865119970009536
-1.1453061044633976,3.128305823789999
-3.773718743092768,3.6910371650616502
-4.950024840584203,3.944420628575555
-1.2672988552804876,3.1892781674170476
-3.6179914578423085,3.3858601769040777
-1.1495781411661463,3.130420286104604
-1.8556766869733865,3.6263602079473625
-3.707162473350467,3.6000887012456104
-4.950033996877883,3.9278753283158876
-4.950084044158275,4.892916563569536
-4.950198068512892,4.3758582568430615
-4.950070497237298,4.064218795915885
-4.950042757187984,3.6524111700711233
-4.950163857997953,3.570169882067156
-3.5254380732286763,3.72854706858201
-3.080401812896166,1.102590800159796
-3.8151460558783485,3.320224508831464
-3.736096944194348,3.5413457874530505
-1.832832651318697,3.3605359286135426
-3.432246371972548,4.315991683389682
-3.152105699785112,-0.6649842858805576
-4.9500054408513545,3.942644910009924
-4.628975056552549,4.950071854593724
-4.950041317504661,4.403175744039326
-4.298217392247053,3.079181222740602
-3.938616674286717,3.8904790113270065
-4.670335153257659,2.810647075295494
-4.950053486107248,2.414935544644005
0.19083359716375783,0.8283824790058993
-1.3411909389879806,4.5780789322254405
-2.418811425367562,4.282348421690693
-4.070991845816838,4.950391366399133
-4.674575136310212,2.7149911796530124
-2.3379781349899416,4.582304510918363
-3.11657090081078,-1.6335482998227029
-2.940639297458588,2.1790767881833255
-3.0032530065895426,2.084953912566885
-1.9983380541687925,3.592609961682339
-3.916201263320857,1.7193847742864787
-4.404073297315732,4.950092297146105
-2.732846120422506,4.95018877068691
-4.950177106291504,2.05723905306451
-4.950004753945306,2.883419137560982
-0.8647755332383457,2.876566878939408
-2.70663207946787,4.95020577813218
-2.7798884141610647,4.95011868784638
-3.0761687230023678,1.1985873618989074
-2.983629174859337,2.1146904286250363
-3.566952767941358,3.7217965114100084
-3.5471153095225563,4.035267103270789
-3.280777143595753,4.13908514838437
-3.6846999323461604,4.127239959885957
-3.1714729145557055,4.309369868466372
-4.950073361291787,1.2978423779744173
-4.258757026597722,1.2857387286042723
-4.257723259808099,1.2646758320134839
-3.0670891603444854,-1.8459104885388051
-2.6217031416176164,2.6570254599084686
-2.3571302308401614,4.021576272422412
-3.12509543627842,-1.6834731639048448
-3.0653539531235765,-1.8539708968939832
-2.9405378628951517,2.179305368845039
-2.7817675066316454,4.3494114598788025
-1.6710592733699308,4.083434456236546
-4.950193527693604,2.2871504162589114
-3.9769592585485314,4.9502893023847845
-3.5412022172959396,2.680910748807737
-3.0645882956682264,-1.6610178055643818
-4.914438784790621,2.7137444536159765
-4.582026656521014,2.6943696302155313
-1.6885492961862558,4.057030656597673
-4.030869068072272,3.6056603434432484
-3.030941328923747,4.0916832586420355
-4.051660909857678,4.431897068392389
-3.25324111345432,4.950266043035928
-4.950147356364661,1.3212865111553793
-2.5104591138717014,4.449413518307582
-2.973757368722825,1.750265981379916
-4.256778853370103,1.2526479801774113
-2.5042760419332657,4.447645419964856
-2.464035861244613,3.9980758366404987
-4.269398398768083,3.8010245396891427
-4.950175287328249,2.0716461621646873
-4.643140474012239,1.1943771508139716
-3.8425946440696803,-2.597132513171742
-3.1294302933438813,4.950149816402995
-2.4548311955303226,4.0505505915308495
-4.6346208595399565,2.7684033872924334
-3.0879889625921626,-1.766445557319007
-4.599514576512817,3.0682965352348415
-4.226774294765517,4.167637582585776
-4.0010053940896295,-2.851447532388574
-2.950741419816542,4.950024336095085
-4.469892026284158,3.723643732846143
-3.54056163633506,4.9503063390303
-2.4499077181345017,3.66481782730179
-3.961280306792195,4.0688292189917545
-1.2105844821075313,3.049750341282442
-3.1650398885379785,-1.4843258847160024
-3.0655604775735563,-1.853037387391751
-3.6388613503875518,4.225774922823169
-4.580038177221378,3.1637671053902645
-4.697227172461419,0.7666448971724141
-2.467018094995892,3.6375115882630737
-4.95013426187675,3.1390585867058767
-4.239536067271217,3.1139659194980966
-4.516179317240894,3.4799298076355627
-3.2649193356248367,4.321092720152897
-0.8946485210942468,0.7994202609126358
-2.62204856998424,4.027362695986478
-3.3058518051408967,4.143790812378877
-3.0877964892885457,3.51165776515811
-2.6088069587262237,4.101165342188532
-2.435987792367555,4.185014233050821
-3.9100996140984416,-1.8179014311777413
-4.245056362134004,0.48975524084635236
-1.8579049982414968,3.803077378422438
-2.831617290590069,2.3426575114877295
-2.397052874104641,4.5315411944372945
-4.950226956824065,1.6763425124452247
-2.738956703178775,0.1904836454535481
-2.471069897642117,3.997542822450103
-4.9500826855209,3.6838975278308035
-3.4213240930540176,-0.5499842719407285
-2.4852652497914,3.6534691028007384
-3.920774057603858,-1.634203854900179
-4.692222967896559,0.7825582242037245
-4.950189651995607,3.111253672575327
-4.950010156144476,2.7028786698191367
-4.95003718942914,2.8967541695343293
-4.266569208007319,3.4547747945862897
-4.655034571597292,0.9714076843136514
-4.71857110938847,1.4756047035327764
-2.607355838299419,3.5682975688761425
-4.691425071908823,0.7856574546133546
-3.3968848062961965,-0.8592798695081257
-4.95013090390972,2.399776144142432
-4.5561002479232835,4.950072726296248
-4.396149729399494,3.511768813407481
-2.627143158716651,3.875563055993302
-3.0492276188852743,2.0087466526468174
-2.5609470373396834,3.7392092590422394
-3.3365975660512808,4.950130147881374
-4.459660526777851,4.300473234208873
-4.950011590237359,3.162630373250417
-4.920955685341327,3.1104561965755644
-4.676404955395163,-0.16010642560018226
-3.3966892225802394,-0.8597769543653848
-4.672039438737701,-0.18130503892398436
-3.917712960137812,-2.301220330272746
-2.468310932187119,3.6391210942901226
-4.950013017889036,1.782272498373348
-4.950094915428035,2.987583814762457
-3.904434649240627,0.5355789396854276
-3.1654174866598557,-2.5645522790414184
-4.26605783811234,3.546689813122248
-4.95005795212936,3.110849049897173
-2.497121945453739,3.6096655868338625
-4.3622974617406935,3.5415336856142217
-4.950168052484445,3.1756949275929336
-3.01266858385304,2.0708592898751763
-4.257429934276126,3.5352479892276514
-3.0756262366634837,-0.9408159299747744
-2.491330886591759,3.655947798114178
-2.191908964287636,3.30178766385688
-4.640699172365579,1.099376134147326
-4.218607572711546,3.593614677100134
-4.199744990855267,3.9759615858911577
-4.552056220926292,2.4452538083220206
-2.505192419080532,3.176716745112738
-4.6816790519115505,0.8436916454672149
-3.1612061567317142,-2.5751924470929395
-4.950026362923599,1.7383962299591393
-4.007398291472736,3.7969268619658076
-4.659903283143632,-0.4285274146908947
-4.950036745197072,2.2170289958439855
-4.9500007521644624,4.449860663200909
-3.128784947957656,1.936428187584761
-4.718784847269428,-0.3471987477689023
-2.957045344065392,1.2855372760325672
-3.361581860539388,1.372702024920839
-4.604873555501874,2.1811691040672727
-4.950039461012805,2.9092838426035854
-2.5201932335616974,3.6848333995824527
-2.8807655765912825,-1.3804125062067494
-4.9500478899665294,1.6099289209495287
-3.6761541847634747,4.097638338476625
-4.850610069901409,1.6584977976589053
-2.843121491766504,4.133985237794636
-4.117085910246108,4.950007241653599
-3.2145630744672262,4.324757047102728
-4.95012188406955,2.0472234800066085
-4.950045721672196,2.2433548080833883
-4.65606702681221,-0.21063277540155767
-3.3006562948181464,1.2656985015637863
-2.8800114426034216,-1.3815024445917594
-3.1890293675096686,1.5667281499253847
-4.687518837528962,-0.43820054804632763
-3.9835209497017763,3.4768838316237733
-3.7762917542936667,3.531566808080133
-4.580269722397945,1.3555990993217513
-4.004126150546595,3.76868466098707
-2.911067270210401,2.2234670779898624
-3.9616983051335795,3.7452976011141086
-3.7861776300566343,1.1402446187713844
-3.928685799858264,-1.165799138879888
-3.598612849804343,3.145137609480027
-4.950024117891705,3.840774900061817
-3.9769370095649608,-1.8428651519041115
-2.143267257457458,1.4123811892578004
-4.186565046457226,-0.8917302850362218
-2.8686948926656695,2.2870269715936997
-4.950063633706983,2.5274201147066653
-4.645454886927441,1.194612417762935
-3.7083405858864493,2.7108873955197477
-3.9769286209599914,3.956856536707321
