-4.0,4.0
[-3.99899888],[4.]
[-3.99799776],[4.00000019]
[-3.99699663],[4.00000057]
[-3.99599551],[4.00000114]
[-3.99499439],[4.0000019]
[-3.99399327],[4.00000285]
[-3.99299215],[4.00000399]
[-3.99199102],[4.00000532]
[-3.9909899],[4.00000684]
[-3.98998878],[4.00000855]
[-3.98898766],[4.00001045]
[-3.98798654],[4.00001255]
[-3.98698542],[4.00001483]
[-3.9859843],[4.0000173]
[-3.98498319],[4.00001996]
[-3.98398207],[4.00002281]
[-3.98298095],[4.00002585]
[-3.98197983],[4.00002908]
[-3.98097872],[4.0000325]
[-3.9799776],[4.00003612]
[-3.97897649],[4.00003992]
[-3.97797537],[4.00004391]
[-3.97697426],[4.00004809]
[-3.97597315],[4.00005246]
[-3.97497203],[4.00005702]
[-3.97397092],[4.00006178]
[-3.97296981],[4.00006672]
[-3.9719687],[4.00007185]
[-3.9709676],[4.00007717]
[-3.96996649],[4.00008269]
[-3.96896538],[4.00008839]
[-3.96796428],[4.00009428]
[-3.96696317],[4.00010036]
[-3.96596207],[4.00010664]
[-3.96496097],[4.0001131]
[-3.96395987],[4.00011975]
[-3.96295877],[4.00012659]
[-3.96195767],[4.00013363]
[-3.96095658],[4.00014085]
[-3.95995548],[4.00014826]
[-3.95895439],[4.00015587]
[-3.9579533],[4.00016366]
[-3.95695221],[4.00017164]
[-3.95595112],[4.00017982]
[-3.95495003],[4.00018818]
[-3.95394895],[4.00019673]
[-3.95294786],[4.00020548]
[-3.95194678],[4.00021441]
[-3.9509457],[4.00022354]
[-3.94994462],[4.00023285]
[-3.94894354],[4.00024235]
[-3.94794247],[4.00025205]
[-3.9469414],[4.00026193]
[-3.94594032],[4.00027201]
[-3.94493925],[4.00028227]
[-3.94393819],[4.00029272]
[-3.94293712],[4.00030337]
[-3.94193606],[4.0003142]
[-3.940935],[4.00032523]
[-3.93993394],[4.00033644]
[-3.93893288],[4.00034785]
[-3.93793183],[4.00035944]
[-3.93693077],[4.00037123]
[-3.93592972],[4.0003832]
[-3.93492867],[4.00039537]
[-3.93392763],[4.00040772]
[-3.93292659],[4.00042027]
[-3.93192554],[4.000433]
[-3.93092451],[4.00044593]
[-3.92992347],[4.00045904]
[-3.92892244],[4.00047235]
[-3.9279214],[4.00048584]
[-3.92692038],[4.00049953]
[-3.92591935],[4.0005134]
[-3.92491833],[4.00052747]
[-3.92391731],[4.00054173]
[-3.92291629],[4.00055617]
[-3.92191527],[4.00057081]
[-3.92091426],[4.00058563]
[-3.91991325],[4.00060065]
[-3.91891225],[4.00061586]
[-3.91791124],[4.00063125]
[-3.91691024],[4.00064684]
[-3.91590924],[4.00066261]
[-3.91490825],[4.00067858]
[-3.91390726],[4.00069474]
[-3.91290627],[4.00071108]
[-3.91190528],[4.00072762]
[-3.9109043],[4.00074435]
[-3.90990332],[4.00076126]
[-3.90890235],[4.00077837]
[-3.90790137],[4.00079567]
[-3.90690041],[4.00081315]
[-3.90589944],[4.00083083]
[-3.90489848],[4.0008487]
[-3.90389752],[4.00086675]
[-3.90289656],[4.000885]
[-3.90189561],[4.00090344]
[-3.90089466],[4.00092206]
[-3.89989372],[4.00094088]
[-3.89889277],[4.00095989]
[-3.89789184],[4.00097909]
[-3.8968909],[4.00099847]
[-3.89588997],[4.00101805]
[-3.89488905],[4.00103782]
[-3.89388812],[4.00105777]
[-3.8928872],[4.00107792]
[-3.89188629],[4.00109826]
[-3.89088538],[4.00111879]
[-3.88988447],[4.0011395]
[-3.88888357],[4.00116041]
[-3.88788267],[4.00118151]
[-3.88688177],[4.0012028]
[-3.88588088],[4.00122428]
[-3.88487999],[4.00124594]
[-3.88387911],[4.0012678]
[-3.88287823],[4.00128985]
[-3.88187735],[4.00131209]
[-3.88087648],[4.00133451]
[-3.87987562],[4.00135713]
[-3.87887476],[4.00137994]
[-3.8778739],[4.00140294]
[-3.87687304],[4.00142613]
[-3.8758722],[4.0014495]
[-3.87487135],[4.00147307]
[-3.87387051],[4.00149683]
[-3.87286968],[4.00152078]
[-3.87186885],[4.00154492]
[-3.87086802],[4.00156924]
[-3.8698672],[4.00159376]
[-3.86886638],[4.00161847]
[-3.86786557],[4.00164337]
[-3.86686476],[4.00166846]
[-3.86586396],[4.00169374]
[-3.86486316],[4.0017192]
[-3.86386237],[4.00174486]
[-3.86286158],[4.00177071]
[-3.8618608],[4.00179675]
[-3.86086002],[4.00182298]
[-3.85985925],[4.0018494]
[-3.85885848],[4.001876]
[-3.85785771],[4.0019028]
[-3.85685696],[4.00192979]
[-3.8558562],[4.00195697]
[-3.85485546],[4.00198434]
[-3.85385471],[4.0020119]
[-3.85285398],[4.00203965]
[-3.85185325],[4.00206758]
[-3.85085252],[4.00209571]
[-3.8498518],[4.00212403]
[-3.84885108],[4.00215254]
[-3.84785037],[4.00218124]
[-3.84684967],[4.00221013]
[-3.84584897],[4.00223921]
[-3.84484827],[4.00226847]
[-3.84384759],[4.00229793]
[-3.8428469],[4.00232758]
[-3.84184623],[4.00235742]
[-3.84084556],[4.00238745]
[-3.83984489],[4.00241767]
[-3.83884423],[4.00244808]
[-3.83784358],[4.00247867]
[-3.83684293],[4.00250946]
[-3.83584229],[4.00254044]
[-3.83484165],[4.00257161]
[-3.83384102],[4.00260297]
[-3.83284039],[4.00263452]
[-3.83183978],[4.00266626]
[-3.83083916],[4.00269818]
[-3.82983856],[4.0027303]
[-3.82883796],[4.00276261]
[-3.82783736],[4.00279511]
[-3.82683678],[4.0028278]
[-3.82583619],[4.00286068]
[-3.82483562],[4.00289374]
[-3.82383505],[4.002927]
[-3.82283449],[4.00296045]
[-3.82183393],[4.00299409]
[-3.82083338],[4.00302792]
[-3.81983284],[4.00306194]
[-3.8188323],[4.00309614]
[-3.81783177],[4.00313054]
[-3.81683125],[4.00316513]
[-3.81583073],[4.00319991]
[-3.81483022],[4.00323488]
[-3.81382971],[4.00327004]
[-3.81282922],[4.00330538]
[-3.81182873],[4.00334092]
[-3.81082824],[4.00337665]
[-3.80982777],[4.00341257]
[-3.8088273],[4.00344868]
[-3.80782683],[4.00348497]
[-3.80682638],[4.00352146]
[-3.80582593],[4.00355814]
[-3.80482548],[4.00359501]
[-3.80382505],[4.00363206]
[-3.80282462],[4.00366931]
[-3.8018242],[4.00370675]
[-3.80082378],[4.00374438]
[-3.79982338],[4.00378219]
[-3.79882298],[4.0038202]
[-3.79782259],[4.0038584]
[-3.7968222],[4.00389679]
[-3.79582182],[4.00393536]
[-3.79482145],[4.00397413]
[-3.79382109],[4.00401309]
[-3.79282073],[4.00405223]
[-3.79182038],[4.00409157]
[-3.79082004],[4.0041311]
[-3.78981971],[4.00417082]
[-3.78881938],[4.00421072]
[-3.78781907],[4.00425082]
[-3.78681876],[4.00429111]
[-3.78581845],[4.00433158]
[-3.78481816],[4.00437225]
[-3.78381787],[4.00441311]
[-3.78281759],[4.00445415]
[-3.78181732],[4.00449539]
[-3.78081706],[4.00453681]
[-3.7798168],[4.00457843]
[-3.77881655],[4.00462024]
[-3.77781631],[4.00466223]
[-3.77681608],[4.00470442]
[-3.77581586],[4.00474679]
[-3.77481564],[4.00478936]
[-3.77381543],[4.00483212]
[-3.77281523],[4.00487506]
[-3.77181504],[4.0049182]
[-3.77081486],[4.00496152]
[-3.76981468],[4.00500504]
[-3.76881451],[4.00504874]
[-3.76781436],[4.00509264]
[-3.76681421],[4.00513672]
[-3.76581406],[4.005181]
[-3.76481393],[4.00522546]
[-3.76381381],[4.00527012]
[-3.76281369],[4.00531496]
[-3.76181358],[4.00536]
[-3.76081348],[4.00540522]
[-3.75981339],[4.00545063]
[-3.75881331],[4.00549624]
[-3.75781324],[4.00554203]
[-3.75681317],[4.00558802]
[-3.75581312],[4.00563419]
[-3.75481307],[4.00568055]
[-3.75381303],[4.00572711]
[-3.752813],[4.00577385]
[-3.75181298],[4.00582078]
[-3.75081297],[4.00586791]
[-3.74981297],[4.00591522]
[-3.74881297],[4.00596272]
[-3.74781299],[4.00601042]
[-3.74681301],[4.0060583]
[-3.74581305],[4.00610637]
[-3.74481309],[4.00615463]
[-3.74381314],[4.00620309]
[-3.7428132],[4.00625173]
[-3.74181327],[4.00630056]
[-3.74081335],[4.00634958]
[-3.73981344],[4.00639879]
[-3.73881354],[4.00644819]
[-3.73781365],[4.00649779]
[-3.73681377],[4.00654757]
[-3.73581389],[4.00659754]
[-3.73481403],[4.0066477]
[-3.73381418],[4.00669805]
[-3.73281433],[4.00674859]
[-3.7318145],[4.00679932]
[-3.73081467],[4.00685024]
[-3.72981486],[4.00690135]
[-3.72881505],[4.00695265]
[-3.72781525],[4.00700414]
[-3.72681547],[4.00705582]
[-3.72581569],[4.00710769]
[-3.72481592],[4.00715975]
[-3.72381617],[4.007212]
[-3.72281642],[4.00726444]
[-3.72181668],[4.00731707]
[-3.72081696],[4.00736988]
[-3.71981724],[4.00742289]
[-3.71881753],[4.00747609]
[-3.71781784],[4.00752948]
[-3.71681815],[4.00758306]
[-3.71581848],[4.00763682]
[-3.71481881],[4.00769078]
[-3.71381915],[4.00774493]
[-3.71281951],[4.00779927]
[-3.71181987],[4.00785379]
[-3.71082025],[4.00790851]
[-3.70982064],[4.00796342]
[-3.70882103],[4.00801851]
[-3.70782144],[4.0080738]
[-3.70682186],[4.00812927]
[-3.70582228],[4.00818494]
[-3.70482272],[4.00824079]
[-3.70382317],[4.00829684]
[-3.70282363],[4.00835307]
[-3.7018241],[4.0084095]
[-3.70082458],[4.00846611]
[-3.69982508],[4.00852292]
[-3.69882558],[4.00857991]
[-3.69782609],[4.0086371]
[-3.69682662],[4.00869447]
[-3.69582715],[4.00875203]
[-3.6948277],[4.00880979]
[-3.69382826],[4.00886773]
[-3.69282882],[4.00892586]
[-3.6918294],[4.00898418]
[-3.69083],[4.0090427]
[-3.6898306],[4.0091014]
[-3.68883121],[4.00916029]
[-3.68783183],[4.00921937]
[-3.68683247],[4.00927864]
[-3.68583312],[4.0093381]
[-3.68483377],[4.00939775]
[-3.68383444],[4.00945759]
[-3.68283512],[4.00951762]
[-3.68183582],[4.00957784]
[-3.68083652],[4.00963825]
[-3.67983723],[4.00969885]
[-3.67883796],[4.00975964]
[-3.6778387],[4.00982062]
[-3.67683945],[4.00988179]
[-3.67584021],[4.00994315]
[-3.67484098],[4.0100047]
[-3.67384177],[4.01006643]
[-3.67284257],[4.01012836]
[-3.67184337],[4.01019048]
[-3.67084419],[4.01025279]
[-3.66984503],[4.01031528]
[-3.66884587],[4.01037797]
[-3.66784673],[4.01044085]
[-3.66684759],[4.01050391]
[-3.66584847],[4.01056717]
[-3.66484937],[4.01063061]
[-3.66385027],[4.01069425]
[-3.66285119],[4.01075807]
[-3.66185211],[4.01082209]
[-3.66085305],[4.01088629]
[-3.65985401],[4.01095068]
[-3.65885497],[4.01101527]
[-3.65785595],[4.01108004]
[-3.65685694],[4.011145]
[-3.65585794],[4.01121015]
[-3.65485895],[4.0112755]
[-3.65385998],[4.01134103]
[-3.65286102],[4.01140675]
[-3.65186207],[4.01147266]
[-3.65086314],[4.01153876]
[-3.64986421],[4.01160505]
[-3.6488653],[4.01167153]
[-3.6478664],[4.0117382]
[-3.64686752],[4.01180506]
[-3.64586865],[4.01187211]
[-3.64486979],[4.01193935]
[-3.64387094],[4.01200678]
[-3.64287211],[4.0120744]
[-3.64187328],[4.0121422]
[-3.64087448],[4.0122102]
[-3.63987568],[4.01227839]
[-3.6388769],[4.01234676]
[-3.63787813],[4.01241533]
[-3.63687937],[4.01248409]
[-3.63588063],[4.01255303]
[-3.6348819],[4.01262217]
[-3.63388318],[4.01269149]
[-3.63288448],[4.01276101]
[-3.63188579],[4.01283071]
[-3.63088711],[4.0129006]
[-3.62988844],[4.01297069]
[-3.62888979],[4.01304096]
[-3.62789116],[4.01311142]
[-3.62689253],[4.01318208]
[-3.62589392],[4.01325292]
[-3.62489532],[4.01332395]
[-3.62389674],[4.01339517]
[-3.62289817],[4.01346658]
[-3.62189961],[4.01353818]
[-3.62090107],[4.01360997]
[-3.61990254],[4.01368195]
[-3.61890403],[4.01375412]
[-3.61790553],[4.01382648]
[-3.61690704],[4.01389902]
[-3.61590856],[4.01397176]
[-3.6149101],[4.01404469]
[-3.61391166],[4.01411781]
[-3.61291322],[4.01419111]
[-3.61191481],[4.01426461]
[-3.6109164],[4.01433829]
[-3.60991801],[4.01441217]
[-3.60891963],[4.01448623]
[-3.60792127],[4.01456049]
[-3.60692292],[4.01463493]
[-3.60592459],[4.01470957]
[-3.60492627],[4.01478439]
[-3.60392796],[4.0148594]
[-3.60292967],[4.0149346]
[-3.60193139],[4.01500999]
[-3.60093313],[4.01508558]
[-3.59993488],[4.01516135]
[-3.59893665],[4.01523731]
[-3.59793843],[4.01531346]
[-3.59694023],[4.0153898]
[-3.59594203],[4.01546632]
[-3.59494386],[4.01554304]
[-3.5939457],[4.01561995]
[-3.59294755],[4.01569705]
[-3.59194942],[4.01577433]
[-3.5909513],[4.01585181]
[-3.5899532],[4.01592948]
[-3.58895511],[4.01600733]
[-3.58795704],[4.01608538]
[-3.58695898],[4.01616361]
[-3.58596094],[4.01624204]
[-3.58496291],[4.01632065]
[-3.58396489],[4.01639945]
[-3.5829669],[4.01647844]
[-3.58196891],[4.01655763]
[-3.58097094],[4.016637]
[-3.57997299],[4.01671656]
[-3.57897505],[4.01679631]
[-3.57797713],[4.01687625]
[-3.57697922],[4.01695638]
[-3.57598133],[4.0170367]
[-3.57498345],[4.01711721]
[-3.57398559],[4.0171979]
[-3.57298774],[4.01727879]
[-3.57198991],[4.01735987]
[-3.5709921],[4.01744113]
[-3.5699943],[4.01752259]
[-3.56899651],[4.01760423]
[-3.56799874],[4.01768607]
[-3.56700099],[4.01776809]
[-3.56600325],[4.01785031]
[-3.56500553],[4.01793271]
[-3.56400782],[4.0180153]
[-3.56301013],[4.01809808]
[-3.56201246],[4.01818105]
[-3.5610148],[4.01826421]
[-3.56001715],[4.01834756]
[-3.55901952],[4.0184311]
[-3.55802191],[4.01851483]
[-3.55702432],[4.01859875]
[-3.55602674],[4.01868286]
[-3.55502917],[4.01876715]
[-3.55403162],[4.01885164]
[-3.55303409],[4.01893632]
[-3.55203658],[4.01902118]
[-3.55103908],[4.01910624]
[-3.55004159],[4.01919148]
[-3.54904413],[4.01927691]
[-3.54804668],[4.01936254]
[-3.54704924],[4.01944835]
[-3.54605182],[4.01953435]
[-3.54505442],[4.01962054]
[-3.54405703],[4.01970692]
[-3.54305967],[4.01979349]
[-3.54206231],[4.01988025]
[-3.54106498],[4.0199672]
[-3.54006766],[4.02005434]
[-3.53907035],[4.02014166]
[-3.53807307],[4.02022918]
[-3.5370758],[4.02031689]
[-3.53607854],[4.02040478]
[-3.53508131],[4.02049287]
[-3.53408409],[4.02058114]
[-3.53308688],[4.0206696]
[-3.5320897],[4.02075826]
[-3.53109253],[4.0208471]
[-3.53009538],[4.02093613]
[-3.52909824],[4.02102535]
[-3.52810112],[4.02111476]
[-3.52710402],[4.02120436]
[-3.52610694],[4.02129415]
[-3.52510987],[4.02138413]
[-3.52411282],[4.02147429]
[-3.52311579],[4.02156465]
[-3.52211877],[4.0216552]
[-3.52112177],[4.02174593]
[-3.52012479],[4.02183686]
[-3.51912783],[4.02192797]
[-3.51813088],[4.02201927]
[-3.51713395],[4.02211076]
[-3.51613704],[4.02220245]
[-3.51514014],[4.02229432]
[-3.51414327],[4.02238638]
[-3.51314641],[4.02247863]
[-3.51214957],[4.02257107]
[-3.51115274],[4.02266369]
[-3.51015594],[4.02275651]
[-3.50915915],[4.02284952]
[-3.50816237],[4.02294271]
[-3.50716562],[4.0230361]
[-3.50616889],[4.02312967]
[-3.50517217],[4.02322344]
[-3.50417547],[4.02331739]
[-3.50317878],[4.02341153]
[-3.50218212],[4.02350586]
[-3.50118547],[4.02360038]
[-3.50018884],[4.02369509]
[-3.49919223],[4.02378999]
[-3.49819564],[4.02388508]
[-3.49719907],[4.02398036]
[-3.49620251],[4.02407582]
[-3.49520597],[4.02417148]
[-3.49420945],[4.02426732]
[-3.49321295],[4.02436336]
[-3.49221647],[4.02445958]
[-3.49122],[4.02455599]
[-3.49022356],[4.0246526]
[-3.48922713],[4.02474939]
[-3.48823072],[4.02484637]
[-3.48723433],[4.02494354]
[-3.48623795],[4.0250409]
[-3.4852416],[4.02513844]
[-3.48424526],[4.02523618]
[-3.48324895],[4.02533411]
[-3.48225265],[4.02543222]
[-3.48125637],[4.02553053]
[-3.4802601],[4.02562902]
[-3.47926386],[4.0257277]
[-3.47826764],[4.02582658]
[-3.47727143],[4.02592564]
[-3.47627525],[4.02602489]
[-3.47527908],[4.02612433]
[-3.47428293],[4.02622396]
[-3.4732868],[4.02632377]
[-3.47229069],[4.02642378]
[-3.4712946],[4.02652398]
[-3.47029853],[4.02662436]
[-3.46930247],[4.02672494]
[-3.46830644],[4.0268257]
[-3.46731042],[4.02692665]
[-3.46631443],[4.02702779]
[-3.46531845],[4.02712912]
[-3.4643225],[4.02723064]
[-3.46332656],[4.02733235]
[-3.46233064],[4.02743425]
[-3.46133474],[4.02753634]
[-3.46033886],[4.02763861]
[-3.459343],[4.02774108]
[-3.45834716],[4.02784373]
[-3.45735134],[4.02794658]
[-3.45635553],[4.02804961]
[-3.45535975],[4.02815283]
[-3.45436399],[4.02825624]
[-3.45336825],[4.02835984]
[-3.45237252],[4.02846363]
[-3.45137682],[4.02856761]
[-3.45038114],[4.02867178]
[-3.44938547],[4.02877613]
[-3.44838983],[4.02888068]
[-3.4473942],[4.02898541]
[-3.4463986],[4.02909033]
[-3.44540302],[4.02919545]
[-3.44440745],[4.02930075]
[-3.44341191],[4.02940624]
[-3.44241638],[4.02951192]
[-3.44142088],[4.02961779]
[-3.4404254],[4.02972384]
[-3.43942993],[4.02983009]
[-3.43843449],[4.02993652]
[-3.43743907],[4.03004315]
[-3.43644366],[4.03014996]
[-3.43544828],[4.03025696]
[-3.43445292],[4.03036416]
[-3.43345758],[4.03047154]
[-3.43246225],[4.03057911]
[-3.43146695],[4.03068686]
[-3.43047167],[4.03079481]
[-3.42947641],[4.03090295]
[-3.42848117],[4.03101127]
[-3.42748595],[4.03111979]
[-3.42649076],[4.03122849]
[-3.42549558],[4.03133738]
[-3.42450042],[4.03144646]
[-3.42350529],[4.03155573]
[-3.42251017],[4.03166519]
[-3.42151508],[4.03177484]
[-3.42052],[4.03188468]
[-3.41952495],[4.0319947]
[-3.41852992],[4.03210492]
[-3.41753491],[4.03221532]
[-3.41653992],[4.03232591]
[-3.41554495],[4.03243669]
[-3.41455],[4.03254766]
[-3.41355507],[4.03265882]
[-3.41256017],[4.03277017]
[-3.41156528],[4.03288171]
[-3.41057042],[4.03299344]
[-3.40957558],[4.03310535]
[-3.40858076],[4.03321745]
[-3.40758596],[4.03332975]
[-3.40659118],[4.03344223]
[-3.40559643],[4.0335549]
[-3.40460169],[4.03366776]
[-3.40360698],[4.03378081]
[-3.40261229],[4.03389404]
[-3.40161761],[4.03400747]
[-3.40062297],[4.03412108]
[-3.39962834],[4.03423489]
[-3.39863373],[4.03434888]
[-3.39763915],[4.03446306]
[-3.39664459],[4.03457743]
[-3.39565005],[4.03469199]
[-3.39465553],[4.03480674]
[-3.39366103],[4.03492168]
[-3.39266656],[4.0350368]
[-3.3916721],[4.03515212]
[-3.39067767],[4.03526762]
[-3.38968326],[4.03538331]
[-3.38868888],[4.03549919]
[-3.38769451],[4.03561526]
[-3.38670017],[4.03573152]
[-3.38570585],[4.03584797]
[-3.38471155],[4.0359646]
[-3.38371727],[4.03608143]
[-3.38272302],[4.03619844]
[-3.38172878],[4.03631564]
[-3.38073457],[4.03643303]
[-3.37974039],[4.03655061]
[-3.37874622],[4.03666838]
[-3.37775208],[4.03678634]
[-3.37675796],[4.03690449]
[-3.37576386],[4.03702282]
[-3.37476979],[4.03714134]
[-3.37377573],[4.03726006]
[-3.3727817],[4.03737896]
[-3.3717877],[4.03749805]
[-3.37079371],[4.03761733]
[-3.36979975],[4.03773679]
[-3.36880581],[4.03785645]
[-3.36781189],[4.03797629]
[-3.366818],[4.03809633]
[-3.36582413],[4.03821655]
[-3.36483028],[4.03833696]
[-3.36383645],[4.03845756]
[-3.36284265],[4.03857835]
[-3.36184887],[4.03869933]
[-3.36085512],[4.03882049]
[-3.35986138],[4.03894185]
[-3.35886767],[4.03906339]
[-3.35787399],[4.03918512]
[-3.35688032],[4.03930704]
[-3.35588668],[4.03942915]
[-3.35489306],[4.03955145]
[-3.35389947],[4.03967394]
[-3.3529059],[4.03979661]
[-3.35191235],[4.03991947]
[-3.35091883],[4.04004253]
[-3.34992533],[4.04016577]
[-3.34893185],[4.0402892]
[-3.34793839],[4.04041282]
[-3.34694496],[4.04053662]
[-3.34595156],[4.04066062]
[-3.34495817],[4.0407848]
[-3.34396481],[4.04090918]
[-3.34297148],[4.04103374]
[-3.34197817],[4.04115849]
[-3.34098488],[4.04128343]
[-3.33999161],[4.04140855]
[-3.33899837],[4.04153387]
[-3.33800515],[4.04165937]
[-3.33701196],[4.04178507]
[-3.33601879],[4.04191095]
[-3.33502565],[4.04203702]
[-3.33403253],[4.04216328]
[-3.33303943],[4.04228972]
[-3.33204635],[4.04241636]
[-3.33105331],[4.04254318]
[-3.33006028],[4.0426702]
[-3.32906728],[4.0427974]
[-3.3280743],[4.04292479]
[-3.32708135],[4.04305237]
[-3.32608842],[4.04318013]
[-3.32509552],[4.04330809]
[-3.32410264],[4.04343623]
[-3.32310978],[4.04356457]
[-3.32211695],[4.04369309]
[-3.32112415],[4.0438218]
[-3.32013136],[4.0439507]
[-3.31913861],[4.04407978]
[-3.31814587],[4.04420906]
[-3.31715317],[4.04433852]
[-3.31616048],[4.04446817]
[-3.31516782],[4.04459801]
[-3.31417519],[4.04472804]
[-3.31318258],[4.04485826]
[-3.31218999],[4.04498867]
[-3.31119744],[4.04511926]
[-3.3102049],[4.04525004]
[-3.30921239],[4.04538102]
[-3.3082199],[4.04551218]
[-3.30722744],[4.04564352]
[-3.30623501],[4.04577506]
[-3.3052426],[4.04590679]
[-3.30425021],[4.0460387]
[-3.30325785],[4.0461708]
[-3.30226552],[4.04630309]
[-3.30127321],[4.04643557]
[-3.30028092],[4.04656824]
[-3.29928866],[4.04670109]
[-3.29829643],[4.04683414]
[-3.29730422],[4.04696737]
[-3.29631204],[4.04710079]
[-3.29531988],[4.0472344]
[-3.29432775],[4.0473682]
[-3.29333564],[4.04750218]
[-3.29234356],[4.04763636]
[-3.2913515],[4.04777072]
[-3.29035947],[4.04790527]
[-3.28936747],[4.04804001]
[-3.28837549],[4.04817494]
[-3.28738353],[4.04831006]
[-3.28639161],[4.04844536]
[-3.2853997],[4.04858085]
[-3.28440783],[4.04871654]
[-3.28341598],[4.04885241]
[-3.28242415],[4.04898846]
[-3.28143235],[4.04912471]
[-3.28044058],[4.04926114]
[-3.27944883],[4.04939777]
[-3.27845711],[4.04953458]
[-3.27746542],[4.04967158]
[-3.27647375],[4.04980877]
[-3.27548211],[4.04994614]
[-3.27449049],[4.05008371]
[-3.2734989],[4.05022146]
[-3.27250733],[4.0503594]
[-3.2715158],[4.05049753]
[-3.27052428],[4.05063585]
[-3.2695328],[4.05077435]
[-3.26854134],[4.05091305]
[-3.26754991],[4.05105193]
[-3.2665585],[4.051191]
[-3.26556712],[4.05133026]
[-3.26457577],[4.0514697]
[-3.26358444],[4.05160934]
[-3.26259314],[4.05174916]
[-3.26160187],[4.05188917]
[-3.26061062],[4.05202937]
[-3.2596194],[4.05216976]
[-3.2586282],[4.05231034]
[-3.25763704],[4.0524511]
[-3.2566459],[4.05259206]
[-3.25565478],[4.0527332]
[-3.2546637],[4.05287453]
[-3.25367264],[4.05301604]
[-3.25268161],[4.05315775]
[-3.2516906],[4.05329964]
[-3.25069962],[4.05344172]
[-3.24970867],[4.05358399]
[-3.24871775],[4.05372645]
[-3.24772685],[4.0538691]
[-3.24673598],[4.05401193]
[-3.24574513],[4.05415495]
[-3.24475432],[4.05429816]
[-3.24376353],[4.05444156]
[-3.24277277],[4.05458515]
[-3.24178203],[4.05472893]
[-3.24079133],[4.05487289]
[-3.23980065],[4.05501704]
[-3.23881],[4.05516138]
[-3.23781937],[4.05530591]
[-3.23682877],[4.05545062]
[-3.23583821],[4.05559553]
[-3.23484766],[4.05574062]
[-3.23385715],[4.0558859]
[-3.23286666],[4.05603136]
[-3.2318762],[4.05617702]
[-3.23088577],[4.05632286]
[-3.22989537],[4.0564689]
[-3.22890499],[4.05661512]
[-3.22791465],[4.05676152]
[-3.22692433],[4.05690812]
[-3.22593403],[4.0570549]
[-3.22494377],[4.05720188]
[-3.22395353],[4.05734904]
[-3.22296333],[4.05749639]
[-3.22197315],[4.05764392]
[-3.22098299],[4.05779165]
[-3.21999287],[4.05793956]
[-3.21900277],[4.05808766]
[-3.21801271],[4.05823595]
[-3.21702267],[4.05838442]
[-3.21603265],[4.05853309]
[-3.21504267],[4.05868194]
[-3.21405272],[4.05883098]
[-3.21306279],[4.05898021]
[-3.21207289],[4.05912962]
[-3.21108302],[4.05927923]
[-3.21009318],[4.05942902]
[-3.20910337],[4.059579]
[-3.20811359],[4.05972917]
[-3.20712383],[4.05987952]
[-3.2061341],[4.06003007]
[-3.20514441],[4.0601808]
[-3.20415474],[4.06033172]
[-3.2031651],[4.06048283]
[-3.20217549],[4.06063412]
[-3.2011859],[4.0607856]
[-3.20019635],[4.06093728]
[-3.19920682],[4.06108913]
[-3.19821733],[4.06124118]
[-3.19722786],[4.06139342]
[-3.19623842],[4.06154584]
[-3.19524901],[4.06169845]
[-3.19425963],[4.06185125]
[-3.19327028],[4.06200423]
[-3.19228096],[4.06215741]
[-3.19129166],[4.06231077]
[-3.1903024],[4.06246432]
[-3.18931316],[4.06261806]
[-3.18832396],[4.06277198]
[-3.18733478],[4.0629261]
[-3.18634563],[4.0630804]
[-3.18535652],[4.06323489]
[-3.18436743],[4.06338956]
[-3.18337837],[4.06354443]
[-3.18238934],[4.06369948]
[-3.18140034],[4.06385472]
[-3.18041137],[4.06401015]
[-3.17942243],[4.06416577]
[-3.17843352],[4.06432157]
[-3.17744464],[4.06447756]
[-3.17645579],[4.06463374]
[-3.17546696],[4.06479011]
[-3.17447817],[4.06494666]
[-3.17348941],[4.0651034]
[-3.17250068],[4.06526033]
[-3.17151197],[4.06541745]
[-3.1705233],[4.06557476]
[-3.16953466],[4.06573225]
[-3.16854605],[4.06588993]
[-3.16755746],[4.0660478]
[-3.16656891],[4.06620586]
[-3.16558039],[4.0663641]
[-3.16459189],[4.06652253]
[-3.16360343],[4.06668115]
[-3.162615],[4.06683996]
[-3.1616266],[4.06699895]
[-3.16063823],[4.06715813]
[-3.15964988],[4.0673175]
[-3.15866157],[4.06747706]
[-3.15767329],[4.06763681]
[-3.15668504],[4.06779674]
[-3.15569682],[4.06795686]
[-3.15470863],[4.06811717]
[-3.15372047],[4.06827767]
[-3.15273234],[4.06843835]
[-3.15174425],[4.06859922]
[-3.15075618],[4.06876028]
[-3.14976814],[4.06892153]
[-3.14878014],[4.06908296]
[-3.14779216],[4.06924458]
[-3.14680422],[4.06940639]
[-3.1458163],[4.06956839]
[-3.14482842],[4.06973057]
[-3.14384057],[4.06989295]
[-3.14285275],[4.0700555]
[-3.14186496],[4.07021825]
[-3.1408772],[4.07038119]
[-3.13988947],[4.07054431]
[-3.13890177],[4.07070762]
[-3.13791411],[4.07087112]
[-3.13692647],[4.0710348]
[-3.13593887],[4.07119867]
[-3.1349513],[4.07136273]
[-3.13396375],[4.07152698]
[-3.13297624],[4.07169142]
[-3.13198877],[4.07185604]
[-3.13100132],[4.07202085]
[-3.1300139],[4.07218585]
[-3.12902652],[4.07235103]
[-3.12803916],[4.0725164]
[-3.12705184],[4.07268196]
[-3.12606455],[4.07284771]
[-3.12507729],[4.07301364]
[-3.12409007],[4.07317977]
[-3.12310287],[4.07334608]
[-3.12211571],[4.07351257]
[-3.12112857],[4.07367926]
[-3.12014147],[4.07384613]
[-3.11915441],[4.07401319]
[-3.11816737],[4.07418044]
[-3.11718036],[4.07434787]
[-3.11619339],[4.07451549]
[-3.11520645],[4.0746833]
[-3.11421954],[4.0748513]
[-3.11323266],[4.07501948]
[-3.11224582],[4.07518785]
[-3.111259],[4.07535641]
[-3.11027222],[4.07552516]
[-3.10928547],[4.07569409]
[-3.10829876],[4.07586321]
[-3.10731207],[4.07603252]
[-3.10632542],[4.07620202]
[-3.1053388],[4.0763717]
[-3.10435221],[4.07654157]
[-3.10336566],[4.07671163]
[-3.10237913],[4.07688187]
[-3.10139264],[4.0770523]
[-3.10040618],[4.07722292]
[-3.09941976],[4.07739373]
[-3.09843336],[4.07756472]
[-3.097447],[4.0777359]
[-3.09646068],[4.07790727]
[-3.09547438],[4.07807883]
[-3.09448812],[4.07825057]
[-3.09350189],[4.0784225]
[-3.09251569],[4.07859462]
[-3.09152952],[4.07876692]
[-3.09054339],[4.07893942]
[-3.08955729],[4.0791121]
[-3.08857123],[4.07928496]
[-3.08758519],[4.07945802]
[-3.08659919],[4.07963126]
[-3.08561323],[4.07980469]
[-3.08462729],[4.0799783]
[-3.08364139],[4.0801521]
[-3.08265552],[4.08032609]
[-3.08166969],[4.08050027]
[-3.08068388],[4.08067463]
[-3.07969812],[4.08084919]
[-3.07871238],[4.08102392]
[-3.07772668],[4.08119885]
[-3.07674101],[4.08137396]
[-3.07575537],[4.08154926]
[-3.07476977],[4.08172475]
[-3.0737842],[4.08190043]
[-3.07279867],[4.08207629]
[-3.07181316],[4.08225234]
[-3.0708277],[4.08242857]
[-3.06984226],[4.08260499]
[-3.06885686],[4.0827816]
[-3.06787149],[4.0829584]
[-3.06688616],[4.08313539]
[-3.06590086],[4.08331256]
[-3.06491559],[4.08348992]
[-3.06393036],[4.08366746]
[-3.06294516],[4.08384519]
[-3.06195999],[4.08402311]
[-3.06097486],[4.08420122]
[-3.05998977],[4.08437951]
[-3.0590047],[4.08455799]
[-3.05801967],[4.08473666]
[-3.05703468],[4.08491552]
[-3.05604972],[4.08509456]
[-3.05506479],[4.08527379]
[-3.0540799],[4.0854532]
[-3.05309504],[4.08563281]
[-3.05211021],[4.0858126]
[-3.05112542],[4.08599257]
[-3.05014066],[4.08617274]
[-3.04915594],[4.08635309]
[-3.04817125],[4.08653363]
[-3.0471866],[4.08671435]
[-3.04620198],[4.08689526]
[-3.0452174],[4.08707636]
[-3.04423285],[4.08725765]
[-3.04324833],[4.08743912]
[-3.04226385],[4.08762078]
[-3.04127941],[4.08780263]
[-3.04029499],[4.08798466]
[-3.03931062],[4.08816688]
[-3.03832627],[4.08834929]
[-3.03734197],[4.08853188]
[-3.03635769],[4.08871466]
[-3.03537346],[4.08889763]
[-3.03438925],[4.08908078]
[-3.03340508],[4.08926413]
[-3.03242095],[4.08944765]
[-3.03143685],[4.08963137]
[-3.03045279],[4.08981527]
[-3.02946876],[4.08999936]
[-3.02848477],[4.09018364]
[-3.02750081],[4.0903681]
[-3.02651689],[4.09055275]
[-3.025533],[4.09073759]
[-3.02454914],[4.09092261]
[-3.02356533],[4.09110782]
[-3.02258154],[4.09129322]
[-3.0215978],[4.0914788]
[-3.02061409],[4.09166457]
[-3.01963041],[4.09185053]
[-3.01864677],[4.09203667]
[-3.01766316],[4.092223]
[-3.01667959],[4.09240952]
[-3.01569606],[4.09259623]
[-3.01471256],[4.09278312]
[-3.0137291],[4.09297019]
[-3.01274567],[4.09315746]
[-3.01176228],[4.09334491]
[-3.01077892],[4.09353255]
[-3.0097956],[4.09372037]
[-3.00881232],[4.09390838]
[-3.00782907],[4.09409658]
[-3.00684585],[4.09428497]
[-3.00586268],[4.09447354]
[-3.00487953],[4.0946623]
[-3.00389643],[4.09485124]
[-3.00291336],[4.09504037]
[-3.00193033],[4.09522969]
[-3.00094733],[4.0954192]
[-2.99996437],[4.09560889]
[-2.99898144],[4.09579877]
[-2.99799855],[4.09598883]
[-2.9970157],[4.09617908]
[-2.99603288],[4.09636952]
[-2.9950501],[4.09656015]
[-2.99406736],[4.09675096]
[-2.99308465],[4.09694195]
[-2.99210198],[4.09713314]
[-2.99111935],[4.09732451]
[-2.99013675],[4.09751607]
[-2.98915419],[4.09770781]
[-2.98817166],[4.09789974]
[-2.98718917],[4.09809186]
[-2.98620672],[4.09828416]
[-2.9852243],[4.09847665]
[-2.98424192],[4.09866933]
[-2.98325958],[4.09886219]
[-2.98227728],[4.09905525]
[-2.98129501],[4.09924848]
[-2.98031278],[4.0994419]
[-2.97933058],[4.09963551]
[-2.97834842],[4.09982931]
[-2.9773663],[4.10002329]
[-2.97638422],[4.10021746]
[-2.97540217],[4.10041182]
[-2.97442016],[4.10060636]
[-2.97343819],[4.10080109]
[-2.97245625],[4.100996]
[-2.97147435],[4.1011911]
[-2.97049249],[4.10138639]
[-2.96951066],[4.10158187]
[-2.96852888],[4.10177753]
[-2.96754713],[4.10197337]
[-2.96656541],[4.10216941]
[-2.96558374],[4.10236563]
[-2.9646021],[4.10256203]
[-2.9636205],[4.10275863]
[-2.96263894],[4.10295541]
[-2.96165741],[4.10315237]
[-2.96067592],[4.10334952]
[-2.95969447],[4.10354686]
[-2.95871306],[4.10374439]
[-2.95773168],[4.1039421]
[-2.95675034],[4.10413999]
[-2.95576904],[4.10433808]
[-2.95478778],[4.10453635]
[-2.95380656],[4.1047348]
[-2.95282537],[4.10493345]
[-2.95184422],[4.10513227]
[-2.95086311],[4.10533129]
[-2.94988204],[4.10553049]
[-2.948901],[4.10572988]
[-2.94792],[4.10592945]
[-2.94693905],[4.10612921]
[-2.94595812],[4.10632916]
[-2.94497724],[4.10652929]
[-2.9439964],[4.10672961]
[-2.94301559],[4.10693012]
[-2.94203482],[4.10713081]
[-2.94105409],[4.10733169]
[-2.9400734],[4.10753275]
[-2.93909274],[4.107734]
[-2.93811213],[4.10793544]
[-2.93713155],[4.10813706]
[-2.93615101],[4.10833887]
[-2.93517051],[4.10854086]
[-2.93419005],[4.10874304]
[-2.93320963],[4.10894541]
[-2.93222924],[4.10914796]
[-2.9312489],[4.1093507]
[-2.93026859],[4.10955363]
[-2.92928832],[4.10975674]
[-2.92830809],[4.10996004]
[-2.9273279],[4.11016352]
[-2.92634775],[4.11036719]
[-2.92536763],[4.11057105]
[-2.92438756],[4.11077509]
[-2.92340752],[4.11097932]
[-2.92242753],[4.11118374]
[-2.92144757],[4.11138834]
[-2.92046765],[4.11159312]
[-2.91948777],[4.1117981]
[-2.91850793],[4.11200326]
[-2.91752813],[4.1122086]
[-2.91654836],[4.11241413]
[-2.91556864],[4.11261985]
[-2.91458895],[4.11282575]
[-2.91360931],[4.11303184]
[-2.9126297],[4.11323812]
[-2.91165014],[4.11344458]
[-2.91067061],[4.11365122]
[-2.90969112],[4.11385806]
[-2.90871167],[4.11406508]
[-2.90773226],[4.11427228]
[-2.90675289],[4.11447967]
[-2.90577356],[4.11468725]
[-2.90479427],[4.11489501]
[-2.90381502],[4.11510296]
[-2.90283581],[4.1153111]
[-2.90185664],[4.11551942]
[-2.90087751],[4.11572792]
[-2.89989842],[4.11593662]
[-2.89891936],[4.11614549]
[-2.89794035],[4.11635456]
[-2.89696138],[4.11656381]
[-2.89598245],[4.11677325]
[-2.89500355],[4.11698287]
[-2.8940247],[4.11719268]
[-2.89304589],[4.11740267]
[-2.89206711],[4.11761285]
[-2.89108838],[4.11782321]
[-2.89010969],[4.11803377]
[-2.88913104],[4.1182445]
[-2.88815242],[4.11845543]
[-2.88717385],[4.11866654]
[-2.88619532],[4.11887783]
[-2.88521683],[4.11908931]
[-2.88423838],[4.11930098]
[-2.88325996],[4.11951283]
[-2.88228159],[4.11972487]
[-2.88130326],[4.11993709]
[-2.88032497],[4.1201495]
[-2.87934672],[4.12036209]
[-2.87836852],[4.12057488]
[-2.87739035],[4.12078784]
[-2.87641222],[4.12100099]
[-2.87543413],[4.12121433]
[-2.87445609],[4.12142786]
[-2.87347808],[4.12164157]
[-2.87250011],[4.12185546]
[-2.87152219],[4.12206954]
[-2.87054431],[4.12228381]
[-2.86956646],[4.12249826]
[-2.86858866],[4.1227129]
[-2.8676109],[4.12292772]
[-2.86663318],[4.12314273]
[-2.8656555],[4.12335793]
[-2.86467787],[4.12357331]
[-2.86370027],[4.12378887]
[-2.86272271],[4.12400463]
[-2.8617452],[4.12422056]
[-2.86076773],[4.12443669]
[-2.85979029],[4.12465299]
[-2.8588129],[4.12486949]
[-2.85783555],[4.12508617]
[-2.85685825],[4.12530303]
[-2.85588098],[4.12552008]
[-2.85490375],[4.12573732]
[-2.85392657],[4.12595474]
[-2.85294943],[4.12617235]
[-2.85197232],[4.12639014]
[-2.85099526],[4.12660812]
[-2.85001825],[4.12682629]
[-2.84904127],[4.12704464]
[-2.84806434],[4.12726317]
[-2.84708744],[4.12748189]
[-2.84611059],[4.1277008]
[-2.84513378],[4.12791989]
[-2.84415701],[4.12813917]
[-2.84318029],[4.12835863]
[-2.8422036],[4.12857828]
[-2.84122696],[4.12879811]
[-2.84025036],[4.12901813]
[-2.8392738],[4.12923834]
[-2.83829728],[4.12945873]
[-2.83732081],[4.1296793]
[-2.83634438],[4.12990006]
[-2.83536799],[4.13012101]
[-2.83439164],[4.13034214]
[-2.83341533],[4.13056346]
[-2.83243907],[4.13078496]
[-2.83146285],[4.13100665]
[-2.83048667],[4.13122852]
[-2.82951053],[4.13145058]
[-2.82853444],[4.13167282]
[-2.82755838],[4.13189525]
[-2.82658237],[4.13211787]
[-2.82560641],[4.13234067]
[-2.82463048],[4.13256365]
[-2.8236546],[4.13278682]
[-2.82267876],[4.13301018]
[-2.82170296],[4.13323372]
[-2.82072721],[4.13345745]
[-2.8197515],[4.13368136]
[-2.81877583],[4.13390545]
[-2.8178002],[4.13412974]
[-2.81682462],[4.1343542]
[-2.81584907],[4.13457886]
[-2.81487358],[4.13480369]
[-2.81389812],[4.13502872]
[-2.81292271],[4.13525393]
[-2.81194734],[4.13547932]
[-2.81097201],[4.1357049]
[-2.80999673],[4.13593066]
[-2.80902149],[4.13615661]
[-2.80804629],[4.13638274]
[-2.80707114],[4.13660906]
[-2.80609603],[4.13683557]
[-2.80512096],[4.13706226]
[-2.80414594],[4.13728913]
[-2.80317096],[4.13751619]
[-2.80219602],[4.13774344]
[-2.80122112],[4.13797087]
[-2.80024627],[4.13819848]
[-2.79927146],[4.13842629]
[-2.7982967],[4.13865427]
[-2.79732198],[4.13888244]
[-2.7963473],[4.1391108]
[-2.79537267],[4.13933934]
[-2.79439808],[4.13956806]
[-2.79342353],[4.13979698]
[-2.79244903],[4.14002607]
[-2.79147457],[4.14025535]
[-2.79050016],[4.14048482]
[-2.78952578],[4.14071447]
[-2.78855146],[4.14094431]
[-2.78757717],[4.14117433]
[-2.78660293],[4.14140453]
[-2.78562874],[4.14163492]
[-2.78465458],[4.1418655]
[-2.78368048],[4.14209626]
[-2.78270641],[4.14232721]
[-2.78173239],[4.14255834]
[-2.78075842],[4.14278965]
[-2.77978449],[4.14302116]
[-2.7788106],[4.14325284]
[-2.77783675],[4.14348471]
[-2.77686296],[4.14371677]
[-2.7758892],[4.14394901]
[-2.77491549],[4.14418143]
[-2.77394182],[4.14441404]
[-2.7729682],[4.14464684]
[-2.77199463],[4.14487982]
[-2.77102109],[4.14511298]
[-2.7700476],[4.14534633]
[-2.76907416],[4.14557987]
[-2.76810076],[4.14581359]
[-2.76712741],[4.14604749]
[-2.7661541],[4.14628158]
[-2.76518083],[4.14651586]
[-2.76420761],[4.14675032]
[-2.76323443],[4.14698496]
[-2.7622613],[4.14721979]
[-2.76128822],[4.1474548]
[-2.76031518],[4.14769]
[-2.75934218],[4.14792538]
[-2.75836923],[4.14816095]
[-2.75739632],[4.1483967]
[-2.75642346],[4.14863264]
[-2.75545064],[4.14886876]
[-2.75447787],[4.14910507]
[-2.75350515],[4.14934156]
[-2.75253246],[4.14957823]
[-2.75155983],[4.14981509]
[-2.75058724],[4.15005214]
[-2.74961469],[4.15028937]
[-2.74864219],[4.15052678]
[-2.74766974],[4.15076438]
[-2.74669733],[4.15100217]
[-2.74572496],[4.15124014]
[-2.74475264],[4.15147829]
[-2.74378037],[4.15171663]
[-2.74280814],[4.15195515]
[-2.74183596],[4.15219386]
[-2.74086382],[4.15243275]
[-2.73989173],[4.15267182]
[-2.73891969],[4.15291108]
[-2.73794769],[4.15315053]
[-2.73697573],[4.15339016]
[-2.73600382],[4.15362997]
[-2.73503196],[4.15386997]
[-2.73406014],[4.15411016]
[-2.73308837],[4.15435053]
[-2.73211665],[4.15459108]
[-2.73114497],[4.15483181]
[-2.73017334],[4.15507274]
[-2.72920175],[4.15531384]
[-2.72823021],[4.15555513]
[-2.72725871],[4.15579661]
[-2.72628726],[4.15603827]
[-2.72531586],[4.15628011]
[-2.7243445],[4.15652214]
[-2.72337319],[4.15676435]
[-2.72240193],[4.15700675]
[-2.72143071],[4.15724933]
[-2.72045954],[4.1574921]
[-2.71948841],[4.15773505]
[-2.71851734],[4.15797818]
[-2.7175463],[4.1582215]
[-2.71657532],[4.15846501]
[-2.71560438],[4.1587087]
[-2.71463348],[4.15895257]
[-2.71366264],[4.15919663]
[-2.71269184],[4.15944087]
[-2.71172109],[4.15968529]
[-2.71075038],[4.1599299]
[-2.70977972],[4.1601747]
[-2.70880911],[4.16041968]
[-2.70783854],[4.16066484]
[-2.70686802],[4.16091019]
[-2.70589755],[4.16115572]
[-2.70492712],[4.16140143]
[-2.70395674],[4.16164733]
[-2.70298641],[4.16189342]
[-2.70201613],[4.16213969]
[-2.70104589],[4.16238614]
[-2.7000757],[4.16263278]
[-2.69910556],[4.1628796]
[-2.69813546],[4.1631266]
[-2.69716541],[4.16337379]
[-2.69619541],[4.16362117]
[-2.69522546],[4.16386872]
[-2.69425555],[4.16411647]
[-2.69328569],[4.16436439]
[-2.69231588],[4.1646125]
[-2.69134611],[4.1648608]
[-2.69037639],[4.16510928]
[-2.68940672],[4.16535794]
[-2.6884371],[4.16560679]
[-2.68746752],[4.16585582]
[-2.686498],[4.16610503]
[-2.68552852],[4.16635443]
[-2.68455908],[4.16660402]
[-2.6835897],[4.16685378]
[-2.68262036],[4.16710373]
[-2.68165107],[4.16735387]
[-2.68068183],[4.16760419]
[-2.67971264],[4.16785469]
[-2.67874349],[4.16810538]
[-2.67777439],[4.16835625]
[-2.67680534],[4.16860731]
[-2.67583634],[4.16885855]
[-2.67486739],[4.16910997]
[-2.67389848],[4.16936158]
[-2.67292962],[4.16961337]
[-2.67196081],[4.16986535]
[-2.67099205],[4.17011751]
[-2.67002334],[4.17036985]
[-2.66905467],[4.17062238]
[-2.66808606],[4.17087509]
[-2.66711749],[4.17112799]
[-2.66614897],[4.17138107]
[-2.6651805],[4.17163433]
[-2.66421207],[4.17188778]
[-2.6632437],[4.17214141]
[-2.66227537],[4.17239522]
[-2.66130709],[4.17264922]
[-2.66033886],[4.1729034]
[-2.65937068],[4.17315777]
[-2.65840255],[4.17341232]
[-2.65743447],[4.17366706]
[-2.65646643],[4.17392197]
[-2.65549845],[4.17417708]
[-2.65453051],[4.17443236]
[-2.65356262],[4.17468783]
[-2.65259478],[4.17494348]
[-2.65162699],[4.17519932]
[-2.65065925],[4.17545534]
[-2.64969155],[4.17571155]
[-2.64872391],[4.17596794]
[-2.64775632],[4.17622451]
[-2.64678877],[4.17648126]
[-2.64582127],[4.1767382]
[-2.64485382],[4.17699533]
[-2.64388643],[4.17725263]
[-2.64291908],[4.17751012]
[-2.64195178],[4.1777678]
[-2.64098453],[4.17802566]
[-2.64001732],[4.1782837]
[-2.63905017],[4.17854192]
[-2.63808307],[4.17880033]
[-2.63711601],[4.17905892]
[-2.63614901],[4.1793177]
[-2.63518206],[4.17957666]
[-2.63421515],[4.1798358]
[-2.6332483],[4.18009513]
[-2.63228149],[4.18035464]
[-2.63131473],[4.18061434]
[-2.63034803],[4.18087421]
[-2.62938137],[4.18113428]
[-2.62841476],[4.18139452]
[-2.6274482],[4.18165495]
[-2.6264817],[4.18191556]
[-2.62551524],[4.18217636]
[-2.62454883],[4.18243734]
[-2.62358247],[4.1826985]
[-2.62261617],[4.18295984]
[-2.62164991],[4.18322137]
[-2.6206837],[4.18348309]
[-2.61971754],[4.18374498]
[-2.61875143],[4.18400706]
[-2.61778538],[4.18426933]
[-2.61681937],[4.18453177]
[-2.61585341],[4.1847944]
[-2.6148875],[4.18505722]
[-2.61392165],[4.18532021]
[-2.61295584],[4.18558339]
[-2.61199008],[4.18584676]
[-2.61102438],[4.18611031]
[-2.61005872],[4.18637404]
[-2.60909312],[4.18663795]
[-2.60812756],[4.18690205]
[-2.60716206],[4.18716633]
[-2.60619661],[4.18743079]
[-2.6052312],[4.18769544]
[-2.60426585],[4.18796027]
[-2.60330055],[4.18822528]
[-2.6023353],[4.18849048]
[-2.6013701],[4.18875586]
[-2.60040495],[4.18902143]
[-2.59943985],[4.18928717]
[-2.5984748],[4.1895531]
[-2.59750981],[4.18981922]
[-2.59654486],[4.19008551]
[-2.59557997],[4.19035199]
[-2.59461512],[4.19061866]
[-2.59365033],[4.1908855]
[-2.59268559],[4.19115253]
[-2.5917209],[4.19141975]
[-2.59075626],[4.19168714]
[-2.58979167],[4.19195472]
[-2.58882713],[4.19222248]
[-2.58786265],[4.19249043]
[-2.58689821],[4.19275856]
[-2.58593383],[4.19302687]
[-2.5849695],[4.19329536]
[-2.58400522],[4.19356404]
[-2.58304099],[4.1938329]
[-2.58207681],[4.19410195]
[-2.58111268],[4.19437118]
[-2.58014861],[4.19464059]
[-2.57918459],[4.19491018]
[-2.57822061],[4.19517996]
[-2.5772567],[4.19544992]
[-2.57629283],[4.19572006]
[-2.57532901],[4.19599038]
[-2.57436525],[4.19626089]
[-2.57340153],[4.19653158]
[-2.57243787],[4.19680246]
[-2.57147426],[4.19707352]
[-2.57051071],[4.19734476]
[-2.5695472],[4.19761618]
[-2.56858375],[4.19788779]
[-2.56762035],[4.19815958]
[-2.566657],[4.19843155]
[-2.5656937],[4.1987037]
[-2.56473046],[4.19897604]
[-2.56376726],[4.19924856]
[-2.56280412],[4.19952127]
[-2.56184103],[4.19979415]
[-2.560878],[4.20006722]
[-2.55991501],[4.20034048]
[-2.55895208],[4.20061391]
[-2.5579892],[4.20088753]
[-2.55702638],[4.20116133]
[-2.5560636],[4.20143532]
[-2.55510088],[4.20170948]
[-2.55413821],[4.20198383]
[-2.55317559],[4.20225836]
[-2.55221303],[4.20253308]
[-2.55125052],[4.20280798]
[-2.55028806],[4.20308306]
[-2.54932565],[4.20335832]
[-2.5483633],[4.20363377]
[-2.547401],[4.2039094]
[-2.54643875],[4.20418521]
[-2.54547656],[4.2044612]
[-2.54451441],[4.20473738]
[-2.54355233],[4.20501374]
[-2.54259029],[4.20529028]
[-2.54162831],[4.20556701]
[-2.54066638],[4.20584392]
[-2.5397045],[4.20612101]
[-2.53874267],[4.20639828]
[-2.5377809],[4.20667573]
[-2.53681918],[4.20695337]
[-2.53585752],[4.20723119]
[-2.53489591],[4.2075092]
[-2.53393435],[4.20778738]
[-2.53297285],[4.20806575]
[-2.53201139],[4.2083443]
[-2.53105],[4.20862304]
[-2.53008865],[4.20890195]
[-2.52912736],[4.20918105]
[-2.52816612],[4.20946033]
[-2.52720494],[4.2097398]
[-2.52624381],[4.21001945]
[-2.52528273],[4.21029927]
[-2.52432171],[4.21057929]
[-2.52336074],[4.21085948]
[-2.52239982],[4.21113986]
[-2.52143896],[4.21142042]
[-2.52047815],[4.21170116]
[-2.5195174],[4.21198208]
[-2.5185567],[4.21226319]
[-2.51759605],[4.21254448]
[-2.51663546],[4.21282595]
[-2.51567492],[4.2131076]
[-2.51471443],[4.21338944]
[-2.513754],[4.21367146]
[-2.51279362],[4.21395366]
[-2.5118333],[4.21423604]
[-2.51087303],[4.2145186]
[-2.50991282],[4.21480135]
[-2.50895266],[4.21508428]
[-2.50799255],[4.21536739]
[-2.5070325],[4.21565069]
[-2.5060725],[4.21593417]
[-2.50511256],[4.21621783]
[-2.50415267],[4.21650167]
[-2.50319284],[4.21678569]
[-2.50223306],[4.2170699]
[-2.50127333],[4.21735429]
[-2.50031366],[4.21763886]
[-2.49935405],[4.21792361]
[-2.49839449],[4.21820854]
[-2.49743498],[4.21849366]
[-2.49647553],[4.21877896]
[-2.49551613],[4.21906444]
[-2.49455679],[4.21935011]
[-2.4935975],[4.21963595]
[-2.49263827],[4.21992198]
[-2.49167909],[4.22020819]
[-2.49071997],[4.22049458]
[-2.4897609],[4.22078116]
[-2.48880188],[4.22106791]
[-2.48784293],[4.22135485]
[-2.48688402],[4.22164197]
[-2.48592517],[4.22192928]
[-2.48496638],[4.22221676]
[-2.48400764],[4.22250443]
[-2.48304896],[4.22279228]
[-2.48209033],[4.22308031]
[-2.48113176],[4.22336852]
[-2.48017325],[4.22365692]
[-2.47921478],[4.22394549]
[-2.47825638],[4.22423425]
[-2.47729803],[4.22452319]
[-2.47633973],[4.22481232]
[-2.47538149],[4.22510162]
[-2.47442331],[4.22539111]
[-2.47346518],[4.22568078]
[-2.47250711],[4.22597063]
[-2.47154909],[4.22626066]
[-2.47059113],[4.22655087]
[-2.46963322],[4.22684127]
[-2.46867537],[4.22713185]
[-2.46771758],[4.22742261]
[-2.46675984],[4.22771355]
[-2.46580216],[4.22800468]
[-2.46484453],[4.22829598]
[-2.46388696],[4.22858747]
[-2.46292945],[4.22887914]
[-2.46197199],[4.22917099]
[-2.46101459],[4.22946302]
[-2.46005724],[4.22975524]
[-2.45909995],[4.23004763]
[-2.45814271],[4.23034021]
[-2.45718554],[4.23063297]
[-2.45622841],[4.23092592]
[-2.45527135],[4.23121904]
[-2.45431434],[4.23151234]
[-2.45335739],[4.23180583]
[-2.45240049],[4.2320995]
[-2.45144365],[4.23239335]
[-2.45048686],[4.23268738]
[-2.44953014],[4.2329816]
[-2.44857347],[4.23327599]
[-2.44761685],[4.23357057]
[-2.4466603],[4.23386533]
[-2.44570379],[4.23416027]
[-2.44474735],[4.23445539]
[-2.44379096],[4.2347507]
[-2.44283463],[4.23504618]
[-2.44187836],[4.23534185]
[-2.44092214],[4.2356377]
[-2.43996598],[4.23593373]
[-2.43900988],[4.23622994]
[-2.43805383],[4.23652633]
[-2.43709784],[4.23682291]
[-2.43614191],[4.23711966]
[-2.43518603],[4.2374166]
[-2.43423021],[4.23771372]
[-2.43327445],[4.23801102]
[-2.43231875],[4.2383085]
[-2.4313631],[4.23860617]
[-2.43040751],[4.23890401]
[-2.42945198],[4.23920204]
[-2.4284965],[4.23950024]
[-2.42754108],[4.23979863]
[-2.42658572],[4.2400972]
[-2.42563042],[4.24039596]
[-2.42467517],[4.24069489]
[-2.42371999],[4.24099401]
[-2.42276485],[4.2412933]
[-2.42180978],[4.24159278]
[-2.42085477],[4.24189244]
[-2.41989981],[4.24219228]
[-2.41894491],[4.2424923]
[-2.41799006],[4.2427925]
[-2.41703528],[4.24309289]
[-2.41608055],[4.24339345]
[-2.41512588],[4.2436942]
[-2.41417127],[4.24399513]
[-2.41321672],[4.24429624]
[-2.41226222],[4.24459753]
[-2.41130778],[4.244899]
[-2.4103534],[4.24520065]
[-2.40939908],[4.24550249]
[-2.40844482],[4.2458045]
[-2.40749061],[4.2461067]
[-2.40653647],[4.24640908]
[-2.40558238],[4.24671164]
[-2.40462835],[4.24701438]
[-2.40367437],[4.2473173]
[-2.40272046],[4.2476204]
[-2.4017666],[4.24792369]
[-2.4008128],[4.24822715]
[-2.39985906],[4.2485308]
[-2.39890538],[4.24883462]
[-2.39795176],[4.24913863]
[-2.3969982],[4.24944282]
[-2.39604469],[4.24974719]
[-2.39509124],[4.25005174]
[-2.39413786],[4.25035647]
[-2.39318453],[4.25066139]
[-2.39223126],[4.25096648]
[-2.39127804],[4.25127176]
[-2.39032489],[4.25157721]
[-2.38937179],[4.25188285]
[-2.38841876],[4.25218867]
[-2.38746578],[4.25249467]
[-2.38651286],[4.25280085]
[-2.38556],[4.25310721]
[-2.3846072],[4.25341375]
[-2.38365446],[4.25372047]
[-2.38270178],[4.25402738]
[-2.38174916],[4.25433446]
[-2.3807966],[4.25464173]
[-2.37984409],[4.25494917]
[-2.37889165],[4.2552568]
[-2.37793926],[4.25556461]
[-2.37698693],[4.2558726]
[-2.37603466],[4.25618077]
[-2.37508246],[4.25648912]
[-2.37413031],[4.25679765]
[-2.37317822],[4.25710636]
[-2.37222619],[4.25741525]
[-2.37127422],[4.25772433]
[-2.37032231],[4.25803358]
[-2.36937046],[4.25834302]
[-2.36841867],[4.25865263]
[-2.36746693],[4.25896243]
[-2.36651526],[4.25927241]
[-2.36556365],[4.25958257]
[-2.3646121],[4.2598929]
[-2.3636606],[4.26020342]
[-2.36270917],[4.26051412]
[-2.3617578],[4.260825]
[-2.36080648],[4.26113607]
[-2.35985523],[4.26144731]
[-2.35890404],[4.26175873]
[-2.3579529],[4.26207033]
[-2.35700183],[4.26238212]
[-2.35605082],[4.26269408]
[-2.35509986],[4.26300623]
[-2.35414897],[4.26331855]
[-2.35319814],[4.26363106]
[-2.35224737],[4.26394374]
[-2.35129665],[4.26425661]
[-2.350346],[4.26456966]
[-2.34939541],[4.26488289]
[-2.34844488],[4.2651963]
[-2.34749441],[4.26550988]
[-2.346544],[4.26582365]
[-2.34559365],[4.2661376]
[-2.34464336],[4.26645173]
[-2.34369313],[4.26676605]
[-2.34274297],[4.26708054]
[-2.34179286],[4.26739521]
[-2.34084281],[4.26771006]
[-2.33989283],[4.26802509]
[-2.3389429],[4.2683403]
[-2.33799304],[4.2686557]
[-2.33704324],[4.26897127]
[-2.33609349],[4.26928703]
[-2.33514381],[4.26960296]
[-2.33419419],[4.26991907]
[-2.33324463],[4.27023537]
[-2.33229513],[4.27055184]
[-2.3313457],[4.2708685]
[-2.33039632],[4.27118533]
[-2.32944701],[4.27150235]
[-2.32849775],[4.27181955]
[-2.32754856],[4.27213692]
[-2.32659943],[4.27245448]
[-2.32565036],[4.27277222]
[-2.32470135],[4.27309013]
[-2.3237524],[4.27340823]
[-2.32280352],[4.27372651]
[-2.32185469],[4.27404496]
[-2.32090593],[4.2743636]
[-2.31995723],[4.27468242]
[-2.31900859],[4.27500142]
[-2.31806001],[4.27532059]
[-2.31711149],[4.27563995]
[-2.31616304],[4.27595949]
[-2.31521465],[4.27627921]
[-2.31426631],[4.27659911]
[-2.31331804],[4.27691919]
[-2.31236984],[4.27723944]
[-2.31142169],[4.27755988]
[-2.31047361],[4.2778805]
[-2.30952558],[4.2782013]
[-2.30857762],[4.27852228]
[-2.30762973],[4.27884344]
[-2.30668189],[4.27916477]
[-2.30573412],[4.27948629]
[-2.3047864],[4.27980799]
[-2.30383875],[4.28012987]
[-2.30289117],[4.28045193]
[-2.30194364],[4.28077416]
[-2.30099618],[4.28109658]
[-2.30004878],[4.28141918]
[-2.29910144],[4.28174196]
[-2.29815417],[4.28206491]
[-2.29720695],[4.28238805]
[-2.2962598],[4.28271137]
[-2.29531271],[4.28303487]
[-2.29436569],[4.28335854]
[-2.29341872],[4.2836824]
[-2.29247182],[4.28400644]
[-2.29152498],[4.28433065]
[-2.29057821],[4.28465505]
[-2.2896315],[4.28497962]
[-2.28868485],[4.28530438]
[-2.28773826],[4.28562931]
[-2.28679174],[4.28595443]
[-2.28584528],[4.28627972]
[-2.28489888],[4.2866052]
[-2.28395254],[4.28693085]
[-2.28300627],[4.28725668]
[-2.28206006],[4.2875827]
[-2.28111391],[4.28790889]
[-2.28016783],[4.28823526]
[-2.27922181],[4.28856181]
[-2.27827585],[4.28888855]
[-2.27732996],[4.28921546]
[-2.27638413],[4.28954255]
[-2.27543836],[4.28986982]
[-2.27449266],[4.29019727]
[-2.27354702],[4.2905249]
[-2.27260144],[4.29085271]
[-2.27165593],[4.29118069]
[-2.27071048],[4.29150886]
[-2.26976509],[4.29183721]
[-2.26881977],[4.29216574]
[-2.26787451],[4.29249444]
[-2.26692932],[4.29282333]
[-2.26598419],[4.29315239]
[-2.26503912],[4.29348164]
[-2.26409411],[4.29381106]
[-2.26314917],[4.29414067]
[-2.2622043],[4.29447045]
[-2.26125948],[4.29480041]
[-2.26031473],[4.29513055]
[-2.25937005],[4.29546088]
[-2.25842543],[4.29579138]
[-2.25748087],[4.29612206]
[-2.25653638],[4.29645291]
[-2.25559195],[4.29678395]
[-2.25464759],[4.29711517]
[-2.25370329],[4.29744657]
[-2.25275905],[4.29777814]
[-2.25181488],[4.2981099]
[-2.25087077],[4.29844183]
[-2.24992673],[4.29877395]
[-2.24898275],[4.29910624]
[-2.24803883],[4.29943871]
[-2.24709498],[4.29977137]
[-2.2461512],[4.3001042]
[-2.24520748],[4.30043721]
[-2.24426382],[4.3007704]
[-2.24332023],[4.30110376]
[-2.2423767],[4.30143731]
[-2.24143324],[4.30177104]
[-2.24048984],[4.30210494]
[-2.23954651],[4.30243903]
[-2.23860324],[4.30277329]
[-2.23766004],[4.30310773]
[-2.2367169],[4.30344236]
[-2.23577383],[4.30377716]
[-2.23483082],[4.30411214]
[-2.23388788],[4.3044473]
[-2.232945],[4.30478263]
[-2.23200218],[4.30511815]
[-2.23105944],[4.30545385]
[-2.23011675],[4.30578972]
[-2.22917414],[4.30612578]
[-2.22823158],[4.30646201]
[-2.22728909],[4.30679842]
[-2.22634667],[4.30713501]
[-2.22540432],[4.30747178]
[-2.22446202],[4.30780873]
[-2.2235198],[4.30814586]
[-2.22257764],[4.30848316]
[-2.22163554],[4.30882065]
[-2.22069351],[4.30915831]
[-2.21975155],[4.30949615]
[-2.21880965],[4.30983417]
[-2.21786782],[4.31017237]
[-2.21692605],[4.31051075]
[-2.21598435],[4.31084931]
[-2.21504272],[4.31118805]
[-2.21410115],[4.31152696]
[-2.21315964],[4.31186606]
[-2.2122182],[4.31220533]
[-2.21127683],[4.31254478]
[-2.21033553],[4.31288441]
[-2.20939429],[4.31322422]
[-2.20845311],[4.31356421]
[-2.207512],[4.31390438]
[-2.20657096],[4.31424472]
[-2.20562999],[4.31458524]
[-2.20468908],[4.31492595]
[-2.20374824],[4.31526683]
[-2.20280746],[4.31560789]
[-2.20186675],[4.31594912]
[-2.2009261],[4.31629054]
[-2.19998553],[4.31663214]
[-2.19904501],[4.31697391]
[-2.19810457],[4.31731586]
[-2.19716419],[4.31765799]
[-2.19622388],[4.3180003]
[-2.19528363],[4.31834279]
[-2.19434346],[4.31868545]
[-2.19340334],[4.3190283]
[-2.1924633],[4.31937132]
[-2.19152332],[4.31971452]
[-2.19058341],[4.3200579]
[-2.18964356],[4.32040146]
[-2.18870379],[4.3207452]
[-2.18776407],[4.32108911]
[-2.18682443],[4.32143321]
[-2.18588485],[4.32177748]
[-2.18494534],[4.32212193]
[-2.1840059],[4.32246656]
[-2.18306652],[4.32281136]
[-2.18212722],[4.32315635]
[-2.18118797],[4.32350151]
[-2.1802488],[4.32384685]
[-2.17930969],[4.32419237]
[-2.17837065],[4.32453807]
[-2.17743168],[4.32488395]
[-2.17649277],[4.32523]
[-2.17555394],[4.32557623]
[-2.17461517],[4.32592265]
[-2.17367646],[4.32626924]
[-2.17273783],[4.326616]
[-2.17179926],[4.32696295]
[-2.17086076],[4.32731007]
[-2.16992233],[4.32765737]
[-2.16898396],[4.32800485]
[-2.16804567],[4.32835251]
[-2.16710744],[4.32870035]
[-2.16616928],[4.32904836]
[-2.16523118],[4.32939655]
[-2.16429316],[4.32974492]
[-2.1633552],[4.33009347]
[-2.16241731],[4.3304422]
[-2.16147949],[4.3307911]
[-2.16054173],[4.33114019]
[-2.15960405],[4.33148945]
[-2.15866643],[4.33183888]
[-2.15772888],[4.3321885]
[-2.1567914],[4.3325383]
[-2.15585399],[4.33288827]
[-2.15491664],[4.33323842]
[-2.15397937],[4.33358875]
[-2.15304216],[4.33393925]
[-2.15210502],[4.33428993]
[-2.15116795],[4.3346408]
[-2.15023095],[4.33499184]
[-2.14929401],[4.33534305]
[-2.14835715],[4.33569445]
[-2.14742035],[4.33604602]
[-2.14648362],[4.33639777]
[-2.14554696],[4.3367497]
[-2.14461037],[4.33710181]
[-2.14367385],[4.33745409]
[-2.1427374],[4.33780655]
[-2.14180101],[4.33815919]
[-2.1408647],[4.33851201]
[-2.13992845],[4.338865]
[-2.13899227],[4.33921818]
[-2.13805617],[4.33957153]
[-2.13712013],[4.33992506]
[-2.13618416],[4.34027876]
[-2.13524826],[4.34063264]
[-2.13431242],[4.3409867]
[-2.13337666],[4.34134094]
[-2.13244097],[4.34169536]
[-2.13150534],[4.34204995]
[-2.13056979],[4.34240472]
[-2.1296343],[4.34275967]
[-2.12869889],[4.3431148]
[-2.12776354],[4.3434701]
[-2.12682826],[4.34382558]
[-2.12589305],[4.34418124]
[-2.12495792],[4.34453708]
[-2.12402285],[4.34489309]
[-2.12308785],[4.34524928]
[-2.12215292],[4.34560565]
[-2.12121806],[4.3459622]
[-2.12028327],[4.34631892]
[-2.11934855],[4.34667582]
[-2.1184139],[4.3470329]
[-2.11747932],[4.34739016]
[-2.11654481],[4.34774759]
[-2.11561037],[4.3481052]
[-2.114676],[4.34846299]
[-2.1137417],[4.34882095]
[-2.11280747],[4.34917909]
[-2.11187331],[4.34953741]
[-2.11093922],[4.34989591]
[-2.1100052],[4.35025458]
[-2.10907126],[4.35061344]
[-2.10813738],[4.35097246]
[-2.10720357],[4.35133167]
[-2.10626983],[4.35169105]
[-2.10533616],[4.35205061]
[-2.10440257],[4.35241035]
[-2.10346904],[4.35277026]
[-2.10253558],[4.35313036]
[-2.1016022],[4.35349062]
[-2.10066888],[4.35385107]
[-2.09973564],[4.35421169]
[-2.09880247],[4.35457249]
[-2.09786936],[4.35493347]
[-2.09693633],[4.35529462]
[-2.09600337],[4.35565596]
[-2.09507048],[4.35601746]
[-2.09413766],[4.35637915]
[-2.09320491],[4.35674101]
[-2.09227224],[4.35710305]
[-2.09133963],[4.35746527]
[-2.0904071],[4.35782766]
[-2.08947463],[4.35819023]
[-2.08854224],[4.35855298]
[-2.08760992],[4.3589159]
[-2.08667767],[4.359279]
[-2.08574549],[4.35964228]
[-2.08481338],[4.36000573]
[-2.08388135],[4.36036936]
[-2.08294938],[4.36073317]
[-2.08201749],[4.36109716]
[-2.08108567],[4.36146132]
[-2.08015392],[4.36182566]
[-2.07922224],[4.36219017]
[-2.07829063],[4.36255487]
[-2.0773591],[4.36291974]
[-2.07642763],[4.36328478]
[-2.07549624],[4.36365]
[-2.07456492],[4.3640154]
[-2.07363367],[4.36438098]
[-2.0727025],[4.36474673]
[-2.07177139],[4.36511266]
[-2.07084036],[4.36547877]
[-2.0699094],[4.36584505]
[-2.06897851],[4.36621151]
[-2.06804769],[4.36657814]
[-2.06711695],[4.36694496]
[-2.06618628],[4.36731195]
[-2.06525568],[4.36767911]
[-2.06432515],[4.36804645]
[-2.06339469],[4.36841397]
[-2.06246431],[4.36878167]
[-2.061534],[4.36914954]
[-2.06060376],[4.36951759]
[-2.0596736],[4.36988581]
[-2.0587435],[4.37025421]
[-2.05781348],[4.37062279]
[-2.05688354],[4.37099154]
[-2.05595366],[4.37136047]
[-2.05502386],[4.37172958]
[-2.05409413],[4.37209886]
[-2.05316447],[4.37246832]
[-2.05223489],[4.37283796]
[-2.05130538],[4.37320777]
[-2.05037594],[4.37357776]
[-2.04944657],[4.37394793]
[-2.04851728],[4.37431827]
[-2.04758806],[4.37468878]
[-2.04665891],[4.37505948]
[-2.04572984],[4.37543035]
[-2.04480084],[4.37580139]
[-2.04387191],[4.37617262]
[-2.04294306],[4.37654402]
[-2.04201428],[4.37691559]
[-2.04108557],[4.37728734]
[-2.04015694],[4.37765927]
[-2.03922837],[4.37803137]
[-2.03829989],[4.37840365]
[-2.03737147],[4.37877611]
[-2.03644313],[4.37914874]
[-2.03551487],[4.37952155]
[-2.03458667],[4.37989453]
[-2.03365856],[4.38026769]
[-2.03273051],[4.38064103]
[-2.03180254],[4.38101454]
[-2.03087464],[4.38138823]
[-2.02994682],[4.38176209]
[-2.02901906],[4.38213613]
[-2.02809139],[4.38251035]
[-2.02716379],[4.38288474]
[-2.02623626],[4.38325931]
[-2.0253088],[4.38363405]
[-2.02438142],[4.38400897]
[-2.02345412],[4.38438407]
[-2.02252688],[4.38475934]
[-2.02159973],[4.38513479]
[-2.02067264],[4.38551041]
[-2.01974563],[4.38588621]
[-2.0188187],[4.38626218]
[-2.01789184],[4.38663834]
[-2.01696505],[4.38701466]
[-2.01603834],[4.38739116]
[-2.0151117],[4.38776784]
[-2.01418514],[4.3881447]
[-2.01325865],[4.38852173]
[-2.01233224],[4.38889893]
[-2.0114059],[4.38927631]
[-2.01047964],[4.38965387]
[-2.00955345],[4.3900316]
[-2.00862733],[4.39040951]
[-2.00770129],[4.39078759]
[-2.00677533],[4.39116585]
[-2.00584944],[4.39154429]
[-2.00492363],[4.3919229]
[-2.00399789],[4.39230168]
[-2.00307222],[4.39268065]
[-2.00214663],[4.39305978]
[-2.00122112],[4.3934391]
[-2.00029568],[4.39381858]
[-1.99937032],[4.39419825]
[-1.99844503],[4.39457809]
[-1.99751982],[4.3949581]
[-1.99659468],[4.39533829]
[-1.99566962],[4.39571866]
[-1.99474463],[4.3960992]
[-1.99381972],[4.39647991]
[-1.99289488],[4.39686081]
[-1.99197012],[4.39724187]
[-1.99104544],[4.39762312]
[-1.99012083],[4.39800453]
[-1.9891963],[4.39838613]
[-1.98827184],[4.3987679]
[-1.98734746],[4.39914984]
[-1.98642315],[4.39953196]
[-1.98549892],[4.39991425]
[-1.98457477],[4.40029672]
[-1.98365069],[4.40067937]
[-1.98272669],[4.40106219]
[-1.98180277],[4.40144518]
[-1.98087892],[4.40182835]
[-1.97995514],[4.4022117]
[-1.97903145],[4.40259522]
[-1.97810783],[4.40297891]
[-1.97718428],[4.40336279]
[-1.97626082],[4.40374683]
[-1.97533743],[4.40413105]
[-1.97441411],[4.40451545]
[-1.97349087],[4.40490002]
[-1.97256771],[4.40528477]
[-1.97164463],[4.40566969]
[-1.97072162],[4.40605478]
[-1.96979868],[4.40644005]
[-1.96887583],[4.4068255]
[-1.96795305],[4.40721112]
[-1.96703035],[4.40759692]
[-1.96610773],[4.40798289]
[-1.96518518],[4.40836904]
[-1.96426271],[4.40875536]
[-1.96334031],[4.40914185]
[-1.962418],[4.40952852]
[-1.96149576],[4.40991537]
[-1.96057359],[4.41030239]
[-1.95965151],[4.41068958]
[-1.9587295],[4.41107695]
[-1.95780757],[4.4114645]
[-1.95688572],[4.41185222]
[-1.95596394],[4.41224011]
[-1.95504224],[4.41262818]
[-1.95412062],[4.41301643]
[-1.95319908],[4.41340484]
[-1.95227761],[4.41379344]
[-1.95135622],[4.4141822]
[-1.95043491],[4.41457115]
[-1.94951368],[4.41496026]
[-1.94859252],[4.41534956]
[-1.94767145],[4.41573902]
[-1.94675045],[4.41612866]
[-1.94582952],[4.41651848]
[-1.94490868],[4.41690847]
[-1.94398791],[4.41729863]
[-1.94306723],[4.41768897]
[-1.94214662],[4.41807949]
[-1.94122608],[4.41847017]
[-1.94030563],[4.41886104]
[-1.93938525],[4.41925207]
[-1.93846496],[4.41964328]
[-1.93754474],[4.42003467]
[-1.9366246],[4.42042623]
[-1.93570453],[4.42081796]
[-1.93478455],[4.42120987]
[-1.93386464],[4.42160196]
[-1.93294482],[4.42199421]
[-1.93202507],[4.42238665]
[-1.9311054],[4.42277925]
[-1.93018581],[4.42317203]
[-1.9292663],[4.42356499]
[-1.92834686],[4.42395812]
[-1.92742751],[4.42435142]
[-1.92650823],[4.4247449]
[-1.92558903],[4.42513855]
[-1.92466992],[4.42553238]
[-1.92375088],[4.42592638]
[-1.92283192],[4.42632055]
[-1.92191304],[4.4267149]
[-1.92099423],[4.42710942]
[-1.92007551],[4.42750412]
[-1.91915687],[4.42789899]
[-1.9182383],[4.42829403]
[-1.91731982],[4.42868925]
[-1.91640141],[4.42908464]
[-1.91548309],[4.42948021]
[-1.91456484],[4.42987595]
[-1.91364667],[4.43027187]
[-1.91272858],[4.43066796]
[-1.91181058],[4.43106422]
[-1.91089265],[4.43146065]
[-1.9099748],[4.43185727]
[-1.90905703],[4.43225405]
[-1.90813934],[4.43265101]
[-1.90722173],[4.43304814]
[-1.9063042],[4.43344545]
[-1.90538675],[4.43384293]
[-1.90446938],[4.43424058]
[-1.90355209],[4.43463841]
[-1.90263488],[4.43503641]
[-1.90171775],[4.43543458]
[-1.9008007],[4.43583293]
[-1.89988373],[4.43623146]
[-1.89896685],[4.43663015]
[-1.89805004],[4.43702902]
[-1.89713331],[4.43742806]
[-1.89621666],[4.43782728]
[-1.89530009],[4.43822667]
[-1.89438361],[4.43862624]
[-1.8934672],[4.43902598]
[-1.89255088],[4.43942589]
[-1.89163463],[4.43982597]
[-1.89071847],[4.44022623]
[-1.88980238],[4.44062666]
[-1.88888638],[4.44102727]
[-1.88797046],[4.44142805]
[-1.88705462],[4.441829]
[-1.88613886],[4.44223013]
[-1.88522318],[4.44263143]
[-1.88430758],[4.4430329]
[-1.88339206],[4.44343455]
[-1.88247663],[4.44383637]
[-1.88156127],[4.44423836]
[-1.880646],[4.44464053]
[-1.87973081],[4.44504287]
[-1.8788157],[4.44544538]
[-1.87790067],[4.44584807]
[-1.87698572],[4.44625093]
[-1.87607086],[4.44665396]
[-1.87515607],[4.44705717]
[-1.87424137],[4.44746055]
[-1.87332675],[4.4478641]
[-1.87241221],[4.44826782]
[-1.87149775],[4.44867172]
[-1.87058337],[4.4490758]
[-1.86966908],[4.44948004]
[-1.86875486],[4.44988446]
[-1.86784073],[4.45028905]
[-1.86692668],[4.45069382]
[-1.86601272],[4.45109876]
[-1.86509883],[4.45150387]
[-1.86418503],[4.45190915]
[-1.86327131],[4.45231461]
[-1.86235767],[4.45272024]
[-1.86144412],[4.45312604]
[-1.86053064],[4.45353202]
[-1.85961725],[4.45393817]
[-1.85870394],[4.45434449]
[-1.85779072],[4.45475098]
[-1.85687757],[4.45515765]
[-1.85596451],[4.45556449]
[-1.85505153],[4.4559715]
[-1.85413864],[4.45637869]
[-1.85322583],[4.45678605]
[-1.8523131],[4.45719358]
[-1.85140045],[4.45760128]
[-1.85048788],[4.45800916]
[-1.8495754],[4.45841721]
[-1.848663],[4.45882543]
[-1.84775069],[4.45923383]
[-1.84683846],[4.4596424]
[-1.84592631],[4.46005114]
[-1.84501424],[4.46046005]
[-1.84410226],[4.46086914]
[-1.84319036],[4.4612784]
[-1.84227854],[4.46168783]
[-1.84136681],[4.46209743]
[-1.84045516],[4.46250721]
[-1.83954359],[4.46291716]
[-1.83863211],[4.46332728]
[-1.83772071],[4.46373757]
[-1.8368094],[4.46414804]
[-1.83589816],[4.46455868]
[-1.83498702],[4.46496949]
[-1.83407595],[4.46538047]
[-1.83316497],[4.46579163]
[-1.83225408],[4.46620296]
[-1.83134326],[4.46661446]
[-1.83043254],[4.46702613]
[-1.82952189],[4.46743798]
[-1.82861133],[4.46785]
[-1.82770086],[4.46826219]
[-1.82679047],[4.46867455]
[-1.82588016],[4.46908709]
[-1.82496994],[4.46949979]
[-1.8240598],[4.46991267]
[-1.82314974],[4.47032572]
[-1.82223977],[4.47073895]
[-1.82132989],[4.47115234]
[-1.82042009],[4.47156591]
[-1.81951037],[4.47197965]
[-1.81860074],[4.47239356]
[-1.81769119],[4.47280765]
[-1.81678173],[4.4732219]
[-1.81587235],[4.47363633]
[-1.81496306],[4.47405093]
[-1.81405386],[4.47446571]
[-1.81314473],[4.47488065]
[-1.8122357],[4.47529577]
[-1.81132675],[4.47571105]
[-1.81041788],[4.47612651]
[-1.8095091],[4.47654215]
[-1.8086004],[4.47695795]
[-1.80769179],[4.47737393]
[-1.80678327],[4.47779007]
[-1.80587483],[4.47820639]
[-1.80496647],[4.47862289]
[-1.8040582],[4.47903955]
[-1.80315002],[4.47945638]
[-1.80224192],[4.47987339]
[-1.80133391],[4.48029057]
[-1.80042598],[4.48070792]
[-1.79951814],[4.48112544]
[-1.79861039],[4.48154313]
[-1.79770272],[4.481961]
[-1.79679514],[4.48237904]
[-1.79588764],[4.48279724]
[-1.79498023],[4.48321562]
[-1.7940729],[4.48363418]
[-1.79316567],[4.4840529]
[-1.79225851],[4.48447179]
[-1.79135145],[4.48489086]
[-1.79044447],[4.4853101]
[-1.78953758],[4.48572951]
[-1.78863077],[4.48614909]
[-1.78772405],[4.48656884]
[-1.78681742],[4.48698876]
[-1.78591087],[4.48740886]
[-1.78500441],[4.48782913]
[-1.78409804],[4.48824956]
[-1.78319175],[4.48867017]
[-1.78228555],[4.48909095]
[-1.78137944],[4.4895119]
[-1.78047341],[4.48993303]
[-1.77956747],[4.49035432]
[-1.77866162],[4.49077579]
[-1.77775586],[4.49119742]
[-1.77685018],[4.49161923]
[-1.77594459],[4.49204121]
[-1.77503909],[4.49246336]
[-1.77413367],[4.49288568]
[-1.77322834],[4.49330817]
[-1.7723231],[4.49373084]
[-1.77141795],[4.49415367]
[-1.77051288],[4.49457668]
[-1.7696079],[4.49499985]
[-1.76870301],[4.4954232]
[-1.76779821],[4.49584672]
[-1.7668935],[4.49627041]
[-1.76598887],[4.49669427]
[-1.76508433],[4.4971183]
[-1.76417988],[4.4975425]
[-1.76327552],[4.49796688]
[-1.76237124],[4.49839142]
[-1.76146705],[4.49881614]
[-1.76056296],[4.49924102]
[-1.75965895],[4.49966608]
[-1.75875502],[4.50009131]
[-1.75785119],[4.50051671]
[-1.75694744],[4.50094227]
[-1.75604379],[4.50136801]
[-1.75514022],[4.50179392]
[-1.75423674],[4.50222001]
[-1.75333335],[4.50264626]
[-1.75243005],[4.50307268]
[-1.75152683],[4.50349927]
[-1.75062371],[4.50392604]
[-1.74972067],[4.50435297]
[-1.74881772],[4.50478007]
[-1.74791487],[4.50520735]
[-1.7470121],[4.5056348]
[-1.74610942],[4.50606241]
[-1.74520683],[4.5064902]
[-1.74430433],[4.50691816]
[-1.74340191],[4.50734628]
[-1.74249959],[4.50777458]
[-1.74159736],[4.50820305]
[-1.74069521],[4.50863169]
[-1.73979316],[4.5090605]
[-1.73889119],[4.50948948]
[-1.73798932],[4.50991863]
[-1.73708753],[4.51034795]
[-1.73618584],[4.51077744]
[-1.73528423],[4.5112071]
[-1.73438271],[4.51163693]
[-1.73348129],[4.51206693]
[-1.73257995],[4.5124971]
[-1.7316787],[4.51292744]
[-1.73077755],[4.51335795]
[-1.72987648],[4.51378863]
[-1.72897551],[4.51421949]
[-1.72807462],[4.51465051]
[-1.72717383],[4.5150817]
[-1.72627312],[4.51551306]
[-1.72537251],[4.51594459]
[-1.72447198],[4.51637629]
[-1.72357155],[4.51680817]
[-1.72267121],[4.51724021]
[-1.72177096],[4.51767242]
[-1.72087079],[4.5181048]
[-1.71997072],[4.51853735]
[-1.71907074],[4.51897007]
[-1.71817086],[4.51940296]
[-1.71727106],[4.51983602]
[-1.71637135],[4.52026925]
[-1.71547174],[4.52070265]
[-1.71457221],[4.52113622]
[-1.71367278],[4.52156996]
[-1.71277344],[4.52200387]
[-1.71187419],[4.52243795]
[-1.71097503],[4.5228722]
[-1.71007596],[4.52330662]
[-1.70917698],[4.52374121]
[-1.7082781],[4.52417596]
[-1.70737931],[4.52461089]
[-1.70648061],[4.52504599]
[-1.705582],[4.52548125]
[-1.70468348],[4.52591669]
[-1.70378506],[4.52635229]
[-1.70288672],[4.52678807]
[-1.70198848],[4.52722401]
[-1.70109033],[4.52766013]
[-1.70019227],[4.52809641]
[-1.69929431],[4.52853286]
[-1.69839644],[4.52896948]
[-1.69749866],[4.52940627]
[-1.69660097],[4.52984323]
[-1.69570337],[4.53028036]
[-1.69480587],[4.53071766]
[-1.69390846],[4.53115513]
[-1.69301114],[4.53159276]
[-1.69211392],[4.53203057]
[-1.69121679],[4.53246855]
[-1.69031975],[4.53290669]
[-1.6894228],[4.533345]
[-1.68852595],[4.53378349]
[-1.68762919],[4.53422214]
[-1.68673252],[4.53466096]
[-1.68583594],[4.53509995]
[-1.68493946],[4.53553911]
[-1.68404308],[4.53597843]
[-1.68314678],[4.53641793]
[-1.68225058],[4.5368576]
[-1.68135447],[4.53729743]
[-1.68045846],[4.53773743]
[-1.67956254],[4.5381776]
[-1.67866671],[4.53861795]
[-1.67777098],[4.53905845]
[-1.67687534],[4.53949913]
[-1.67597979],[4.53993998]
[-1.67508434],[4.540381]
[-1.67418899],[4.54082218]
[-1.67329372],[4.54126353]
[-1.67239855],[4.54170506]
[-1.67150348],[4.54214675]
[-1.6706085],[4.54258861]
[-1.66971361],[4.54303063]
[-1.66881882],[4.54347283]
[-1.66792412],[4.54391519]
[-1.66702952],[4.54435773]
[-1.66613501],[4.54480043]
[-1.66524059],[4.5452433]
[-1.66434628],[4.54568634]
[-1.66345205],[4.54612955]
[-1.66255792],[4.54657292]
[-1.66166389],[4.54701647]
[-1.66076995],[4.54746018]
[-1.6598761],[4.54790406]
[-1.65898235],[4.54834811]
[-1.6580887],[4.54879232]
[-1.65719514],[4.54923671]
[-1.65630167],[4.54968126]
[-1.6554083],[4.55012598]
[-1.65451503],[4.55057087]
[-1.65362185],[4.55101593]
[-1.65272877],[4.55146116]
[-1.65183578],[4.55190655]
[-1.65094289],[4.55235212]
[-1.6500501],[4.55279785]
[-1.6491574],[4.55324375]
[-1.64826479],[4.55368981]
[-1.64737229],[4.55413605]
[-1.64647988],[4.55458245]
[-1.64558756],[4.55502902]
[-1.64469534],[4.55547576]
[-1.64380322],[4.55592266]
[-1.64291119],[4.55636974]
[-1.64201926],[4.55681698]
[-1.64112743],[4.55726439]
[-1.64023569],[4.55771197]
[-1.63934405],[4.55815971]
[-1.6384525],[4.55860763]
[-1.63756105],[4.55905571]
[-1.6366697],[4.55950396]
[-1.63577845],[4.55995237]
[-1.63488729],[4.56040096]
[-1.63399623],[4.56084971]
[-1.63310527],[4.56129863]
[-1.6322144],[4.56174771]
[-1.63132363],[4.56219697]
[-1.63043296],[4.56264639]
[-1.62954239],[4.56309598]
[-1.62865191],[4.56354573]
[-1.62776153],[4.56399566]
[-1.62687125],[4.56444575]
[-1.62598106],[4.56489601]
[-1.62509098],[4.56534643]
[-1.62420099],[4.56579703]
[-1.6233111],[4.56624779]
[-1.6224213],[4.56669872]
[-1.62153161],[4.56714981]
[-1.62064201],[4.56760107]
[-1.61975251],[4.5680525]
[-1.61886311],[4.5685041]
[-1.6179738],[4.56895586]
[-1.6170846],[4.56940779]
[-1.61619549],[4.56985989]
[-1.61530648],[4.57031216]
[-1.61441757],[4.57076459]
[-1.61352876],[4.57121719]
[-1.61264005],[4.57166996]
[-1.61175144],[4.57212289]
[-1.61086292],[4.57257599]
[-1.60997451],[4.57302926]
[-1.60908619],[4.57348269]
[-1.60819797],[4.57393629]
[-1.60730985],[4.57439006]
[-1.60642183],[4.574844]
[-1.60553391],[4.5752981]
[-1.60464609],[4.57575237]
[-1.60375837],[4.5762068]
[-1.60287074],[4.5766614]
[-1.60198322],[4.57711617]
[-1.6010958],[4.57757111]
[-1.60020847],[4.57802621]
[-1.59932125],[4.57848147]
[-1.59843412],[4.57893691]
[-1.5975471],[4.57939251]
[-1.59666017],[4.57984828]
[-1.59577335],[4.58030421]
[-1.59488662],[4.58076031]
[-1.594],[4.58121658]
[-1.59311347],[4.58167302]
[-1.59222705],[4.58212962]
[-1.59134073],[4.58258638]
[-1.5904545],[4.58304331]
[-1.58956838],[4.58350041]
[-1.58868236],[4.58395768]
[-1.58779644],[4.58441511]
[-1.58691061],[4.58487271]
[-1.58602489],[4.58533047]
[-1.58513928],[4.5857884]
[-1.58425376],[4.5862465]
[-1.58336834],[4.58670476]
[-1.58248302],[4.58716319]
[-1.58159781],[4.58762179]
[-1.58071269],[4.58808055]
[-1.57982768],[4.58853947]
[-1.57894277],[4.58899857]
[-1.57805796],[4.58945782]
[-1.57717325],[4.58991725]
[-1.57628865],[4.59037684]
[-1.57540414],[4.5908366]
[-1.57451974],[4.59129652]
[-1.57363544],[4.59175661]
[-1.57275124],[4.59221686]
[-1.57186714],[4.59267728]
[-1.57098315],[4.59313787]
[-1.57009925],[4.59359862]
[-1.56921546],[4.59405953]
[-1.56833177],[4.59452062]
[-1.56744819],[4.59498186]
[-1.5665647],[4.59544328]
[-1.56568132],[4.59590486]
[-1.56479804],[4.5963666]
[-1.56391487],[4.59682851]
[-1.56303179],[4.59729059]
[-1.56214882],[4.59775283]
[-1.56126596],[4.59821524]
[-1.56038319],[4.59867781]
[-1.55950053],[4.59914054]
[-1.55861797],[4.59960345]
[-1.55773552],[4.60006652]
[-1.55685316],[4.60052975]
[-1.55597092],[4.60099315]
[-1.55508877],[4.60145671]
[-1.55420673],[4.60192044]
[-1.55332479],[4.60238433]
[-1.55244296],[4.60284839]
[-1.55156123],[4.60331262]
[-1.5506796],[4.60377701]
[-1.54979808],[4.60424156]
[-1.54891666],[4.60470628]
[-1.54803534],[4.60517117]
[-1.54715413],[4.60563622]
[-1.54627303],[4.60610143]
[-1.54539203],[4.60656681]
[-1.54451113],[4.60703236]
[-1.54363033],[4.60749806]
[-1.54274965],[4.60796394]
[-1.54186906],[4.60842998]
[-1.54098858],[4.60889618]
[-1.54010821],[4.60936255]
[-1.53922794],[4.60982908]
[-1.53834777],[4.61029578]
[-1.53746771],[4.61076264]
[-1.53658776],[4.61122967]
[-1.53570791],[4.61169686]
[-1.53482817],[4.61216422]
[-1.53394853],[4.61263174]
[-1.53306899],[4.61309942]
[-1.53218957],[4.61356727]
[-1.53131024],[4.61403529]
[-1.53043103],[4.61450347]
[-1.52955192],[4.61497181]
[-1.52867291],[4.61544032]
[-1.52779401],[4.61590899]
[-1.52691522],[4.61637782]
[-1.52603653],[4.61684683]
[-1.52515795],[4.61731599]
[-1.52427948],[4.61778532]
[-1.52340111],[4.61825481]
[-1.52252284],[4.61872447]
[-1.52164469],[4.61919429]
[-1.52076664],[4.61966427]
[-1.5198887],[4.62013442]
[-1.51901086],[4.62060474]
[-1.51813313],[4.62107521]
[-1.51725551],[4.62154586]
[-1.516378],[4.62201666]
[-1.51550059],[4.62248763]
[-1.51462329],[4.62295876]
[-1.51374609],[4.62343006]
[-1.51286901],[4.62390152]
[-1.51199203],[4.62437315]
[-1.51111516],[4.62484493]
[-1.51023839],[4.62531689]
[-1.50936173],[4.625789]
[-1.50848519],[4.62626128]
[-1.50760874],[4.62673372]
[-1.50673241],[4.62720633]
[-1.50585619],[4.6276791]
[-1.50498007],[4.62815204]
[-1.50410406],[4.62862513]
[-1.50322816],[4.62909839]
[-1.50235237],[4.62957182]
[-1.50147668],[4.6300454]
[-1.50060111],[4.63051916]
[-1.49972564],[4.63099307]
[-1.49885028],[4.63146715]
[-1.49797503],[4.63194139]
[-1.49709989],[4.63241579]
[-1.49622486],[4.63289036]
[-1.49534994],[4.63336509]
[-1.49447512],[4.63383999]
[-1.49360042],[4.63431504]
[-1.49272582],[4.63479026]
[-1.49185134],[4.63526565]
[-1.49097696],[4.63574119]
[-1.49010269],[4.6362169]
[-1.48922853],[4.63669277]
[-1.48835448],[4.63716881]
[-1.48748055],[4.63764501]
[-1.48660672],[4.63812137]
[-1.485733],[4.63859789]
[-1.48485939],[4.63907458]
[-1.48398589],[4.63955143]
[-1.4831125],[4.64002844]
[-1.48223922],[4.64050561]
[-1.48136606],[4.64098295]
[-1.480493],[4.64146045]
[-1.47962005],[4.64193812]
[-1.47874722],[4.64241594]
[-1.47787449],[4.64289393]
[-1.47700188],[4.64337208]
[-1.47612937],[4.64385039]
[-1.47525698],[4.64432887]
[-1.4743847],[4.64480751]
[-1.47351253],[4.64528631]
[-1.47264047],[4.64576527]
[-1.47176852],[4.6462444]
[-1.47089668],[4.64672368]
[-1.47002496],[4.64720313]
[-1.46915334],[4.64768275]
[-1.46828184],[4.64816252]
[-1.46741045],[4.64864246]
[-1.46653917],[4.64912256]
[-1.465668],[4.64960282]
[-1.46479695],[4.65008324]
[-1.46392601],[4.65056382]
[-1.46305518],[4.65104457]
[-1.46218446],[4.65152548]
[-1.46131385],[4.65200655]
[-1.46044336],[4.65248778]
[-1.45957298],[4.65296918]
[-1.45870271],[4.65345073]
[-1.45783256],[4.65393245]
[-1.45696251],[4.65441433]
[-1.45609258],[4.65489638]
[-1.45522277],[4.65537858]
[-1.45435306],[4.65586094]
[-1.45348347],[4.65634347]
[-1.452614],[4.65682616]
[-1.45174463],[4.65730901]
[-1.45087538],[4.65779202]
[-1.45000625],[4.6582752]
[-1.44913722],[4.65875853]
[-1.44826831],[4.65924203]
[-1.44739952],[4.65972568]
[-1.44653084],[4.6602095]
[-1.44566227],[4.66069348]
[-1.44479382],[4.66117763]
[-1.44392548],[4.66166193]
[-1.44305725],[4.66214639]
[-1.44218914],[4.66263102]
[-1.44132115],[4.66311581]
[-1.44045326],[4.66360075]
[-1.4395855],[4.66408586]
[-1.43871784],[4.66457113]
[-1.43785031],[4.66505656]
[-1.43698288],[4.66554216]
[-1.43611558],[4.66602791]
[-1.43524839],[4.66651382]
[-1.43438131],[4.6669999]
[-1.43351435],[4.66748614]
[-1.4326475],[4.66797253]
[-1.43178077],[4.66845909]
[-1.43091415],[4.66894581]
[-1.43004765],[4.66943269]
[-1.42918127],[4.66991973]
[-1.428315],[4.67040693]
[-1.42744885],[4.67089429]
[-1.42658281],[4.67138181]
[-1.4257169],[4.67186949]
[-1.42485109],[4.67235734]
[-1.4239854],[4.67284534]
[-1.42311983],[4.6733335]
[-1.42225438],[4.67382183]
[-1.42138904],[4.67431031]
[-1.42052382],[4.67479896]
[-1.41965872],[4.67528776]
[-1.41879373],[4.67577673]
[-1.41792886],[4.67626586]
[-1.41706411],[4.67675514]
[-1.41619947],[4.67724459]
[-1.41533495],[4.6777342]
[-1.41447055],[4.67822396]
[-1.41360627],[4.67871389]
[-1.4127421],[4.67920398]
[-1.41187805],[4.67969423]
[-1.41101412],[4.68018463]
[-1.41015031],[4.6806752]
[-1.40928661],[4.68116593]
[-1.40842303],[4.68165681]
[-1.40755958],[4.68214786]
[-1.40669623],[4.68263907]
[-1.40583301],[4.68313043]
[-1.40496991],[4.68362196]
[-1.40410692],[4.68411364]
[-1.40324406],[4.68460549]
[-1.40238131],[4.6850975]
[-1.40151868],[4.68558966]
[-1.40065617],[4.68608198]
[-1.39979378],[4.68657447]
[-1.39893151],[4.68706711]
[-1.39806935],[4.68755991]
[-1.39720732],[4.68805288]
[-1.3963454],[4.688546]
[-1.39548361],[4.68903928]
[-1.39462193],[4.68953272]
[-1.39376038],[4.69002632]
[-1.39289894],[4.69052008]
[-1.39203763],[4.691014]
[-1.39117643],[4.69150807]
[-1.39031536],[4.69200231]
[-1.3894544],[4.69249671]
[-1.38859357],[4.69299126]
[-1.38773285],[4.69348597]
[-1.38687226],[4.69398085]
[-1.38601178],[4.69447588]
[-1.38515143],[4.69497107]
[-1.3842912],[4.69546642]
[-1.38343109],[4.69596193]
[-1.3825711],[4.69645759]
[-1.38171123],[4.69695342]
[-1.38085148],[4.6974494]
[-1.37999185],[4.69794555]
[-1.37913235],[4.69844185]
[-1.37827296],[4.69893831]
[-1.3774137],[4.69943493]
[-1.37655456],[4.69993171]
[-1.37569554],[4.70042864]
[-1.37483664],[4.70092574]
[-1.37397787],[4.70142299]
[-1.37311921],[4.7019204]
[-1.37226068],[4.70241797]
[-1.37140227],[4.7029157]
[-1.37054399],[4.70341359]
[-1.36968582],[4.70391164]
[-1.36882778],[4.70440984]
[-1.36796987],[4.7049082]
[-1.36711207],[4.70540672]
[-1.3662544],[4.7059054]
[-1.36539685],[4.70640423]
[-1.36453942],[4.70690323]
[-1.36368212],[4.70740238]
[-1.36282494],[4.70790169]
[-1.36196788],[4.70840116]
[-1.36111095],[4.70890078]
[-1.36025414],[4.70940057]
[-1.35939745],[4.70990051]
[-1.35854089],[4.71040061]
[-1.35768445],[4.71090087]
[-1.35682814],[4.71140128]
[-1.35597195],[4.71190186]
[-1.35511588],[4.71240259]
[-1.35425994],[4.71290347]
[-1.35340412],[4.71340452]
[-1.35254843],[4.71390572]
[-1.35169286],[4.71440708]
[-1.35083742],[4.7149086]
[-1.3499821],[4.71541028]
[-1.3491269],[4.71591211]
[-1.34827183],[4.7164141]
[-1.34741689],[4.71691625]
[-1.34656207],[4.71741855]
[-1.34570738],[4.71792102]
[-1.34485281],[4.71842363]
[-1.34399837],[4.71892641]
[-1.34314405],[4.71942935]
[-1.34228986],[4.71993244]
[-1.3414358],[4.72043568]
[-1.34058186],[4.72093909]
[-1.33972805],[4.72144265]
[-1.33887436],[4.72194637]
[-1.3380208],[4.72245025]
[-1.33716737],[4.72295428]
[-1.33631406],[4.72345847]
[-1.33546088],[4.72396281]
[-1.33460782],[4.72446732]
[-1.3337549],[4.72497198]
[-1.3329021],[4.72547679]
[-1.33204942],[4.72598177]
[-1.33119688],[4.7264869]
[-1.33034446],[4.72699218]
[-1.32949216],[4.72749763]
[-1.32864],[4.72800323]
[-1.32778796],[4.72850898]
[-1.32693605],[4.72901489]
[-1.32608427],[4.72952096]
[-1.32523262],[4.73002719]
[-1.32438109],[4.73053357]
[-1.32352969],[4.73104011]
[-1.32267842],[4.7315468]
[-1.32182728],[4.73205365]
[-1.32097627],[4.73256066]
[-1.32012539],[4.73306782]
[-1.31927463],[4.73357514]
[-1.318424],[4.73408262]
[-1.3175735],[4.73459025]
[-1.31672313],[4.73509803]
[-1.31587289],[4.73560598]
[-1.31502278],[4.73611407]
[-1.3141728],[4.73662233]
[-1.31332295],[4.73713074]
[-1.31247322],[4.7376393]
[-1.31162363],[4.73814803]
[-1.31077416],[4.7386569]
[-1.30992483],[4.73916594]
[-1.30907562],[4.73967513]
[-1.30822655],[4.74018447]
[-1.30737761],[4.74069397]
[-1.30652879],[4.74120363]
[-1.30568011],[4.74171344]
[-1.30483155],[4.7422234]
[-1.30398313],[4.74273353]
[-1.30313484],[4.7432438]
[-1.30228667],[4.74375424]
[-1.30143864],[4.74426483]
[-1.30059074],[4.74477557]
[-1.29974297],[4.74528647]
[-1.29889533],[4.74579752]
[-1.29804783],[4.74630873]
[-1.29720045],[4.74682009]
[-1.29635321],[4.74733161]
[-1.29550609],[4.74784329]
[-1.29465911],[4.74835512]
[-1.29381226],[4.7488671]
[-1.29296554],[4.74937924]
[-1.29211896],[4.74989153]
[-1.2912725],[4.75040398]
[-1.29042618],[4.75091659]
[-1.28957999],[4.75142935]
[-1.28873394],[4.75194226]
[-1.28788801],[4.75245533]
[-1.28704222],[4.75296855]
[-1.28619656],[4.75348193]
[-1.28535104],[4.75399546]
[-1.28450564],[4.75450914]
[-1.28366038],[4.75502299]
[-1.28281526],[4.75553698]
[-1.28197026],[4.75605113]
[-1.2811254],[4.75656543]
[-1.28028068],[4.75707989]
[-1.27943608],[4.75759451]
[-1.27859162],[4.75810927]
[-1.2777473],[4.7586242]
[-1.27690311],[4.75913927]
[-1.27605905],[4.7596545]
[-1.27521513],[4.76016988]
[-1.27437134],[4.76068542]
[-1.27352768],[4.76120112]
[-1.27268416],[4.76171696]
[-1.27184078],[4.76223296]
[-1.27099752],[4.76274912]
[-1.27015441],[4.76326542]
[-1.26931143],[4.76378189]
[-1.26846858],[4.7642985]
[-1.26762587],[4.76481527]
[-1.26678329],[4.76533219]
[-1.26594085],[4.76584927]
[-1.26509855],[4.7663665]
[-1.26425638],[4.76688389]
[-1.26341434],[4.76740143]
[-1.26257244],[4.76791912]
[-1.26173068],[4.76843696]
[-1.26088905],[4.76895496]
[-1.26004756],[4.76947311]
[-1.25920621],[4.76999142]
[-1.25836499],[4.77050988]
[-1.25752391],[4.77102849]
[-1.25668296],[4.77154726]
[-1.25584215],[4.77206617]
[-1.25500148],[4.77258525]
[-1.25416095],[4.77310447]
[-1.25332055],[4.77362385]
[-1.25248029],[4.77414338]
[-1.25164016],[4.77466307]
[-1.25080018],[4.77518291]
[-1.24996033],[4.7757029]
[-1.24912062],[4.77622304]
[-1.24828104],[4.77674334]
[-1.2474416],[4.77726379]
[-1.24660231],[4.77778439]
[-1.24576315],[4.77830515]
[-1.24492412],[4.77882605]
[-1.24408524],[4.77934711]
[-1.24324649],[4.77986833]
[-1.24240788],[4.78038969]
[-1.24156941],[4.78091121]
[-1.24073108],[4.78143289]
[-1.23989289],[4.78195471]
[-1.23905484],[4.78247669]
[-1.23821692],[4.78299882]
[-1.23737915],[4.7835211]
[-1.23654151],[4.78404353]
[-1.23570401],[4.78456612]
[-1.23486666],[4.78508886]
[-1.23402944],[4.78561175]
[-1.23319236],[4.78613479]
[-1.23235542],[4.78665799]
[-1.23151862],[4.78718134]
[-1.23068196],[4.78770484]
[-1.22984544],[4.78822849]
[-1.22900906],[4.78875229]
[-1.22817282],[4.78927625]
[-1.22733672],[4.78980036]
[-1.22650076],[4.79032462]
[-1.22566495],[4.79084903]
[-1.22482927],[4.7913736]
[-1.22399373],[4.79189831]
[-1.22315834],[4.79242318]
[-1.22232308],[4.7929482]
[-1.22148797],[4.79347337]
[-1.22065299],[4.79399869]
[-1.21981816],[4.79452417]
[-1.21898347],[4.7950498]
[-1.21814893],[4.79557558]
[-1.21731452],[4.79610151]
[-1.21648025],[4.79662759]
[-1.21564613],[4.79715382]
[-1.21481215],[4.7976802]
[-1.21397831],[4.79820674]
[-1.21314461],[4.79873343]
[-1.21231106],[4.79926027]
[-1.21147764],[4.79978726]
[-1.21064437],[4.8003144]
[-1.20981125],[4.80084169]
[-1.20897826],[4.80136914]
[-1.20814542],[4.80189673]
[-1.20731272],[4.80242448]
[-1.20648017],[4.80295237]
[-1.20564775],[4.80348042]
[-1.20481548],[4.80400862]
[-1.20398336],[4.80453697]
[-1.20315137],[4.80506548]
[-1.20231953],[4.80559413]
[-1.20148784],[4.80612293]
[-1.20065629],[4.80665189]
[-1.19982488],[4.80718099]
[-1.19899361],[4.80771025]
[-1.19816249],[4.80823965]
[-1.19733152],[4.80876921]
[-1.19650069],[4.80929892]
[-1.19567],[4.80982878]
[-1.19483946],[4.81035879]
[-1.19400906],[4.81088895]
[-1.1931788],[4.81141926]
[-1.1923487],[4.81194972]
[-1.19151873],[4.81248033]
[-1.19068891],[4.8130111]
[-1.18985924],[4.81354201]
[-1.18902971],[4.81407307]
[-1.18820033],[4.81460428]
[-1.18737109],[4.81513565]
[-1.186542],[4.81566716]
[-1.18571306],[4.81619883]
[-1.18488426],[4.81673064]
[-1.1840556],[4.81726261]
[-1.18322709],[4.81779472]
[-1.18239873],[4.81832699]
[-1.18157051],[4.8188594]
[-1.18074245],[4.81939197]
