-2.727314064214579,2.499038548186509
-4.03719070337311,4.0947673366194985
-4.050722390056748,2.7188526699442055
-4.950054763492624,3.971395785398137
-3.888068507676601,4.211284270146212
-3.9314067220833206,4.950105246452501
-4.67666415725677,4.950448252851728
-4.268602706283826,4.47607051808874
-3.8699635034642,4.069783809352607
-4.950092625015772,3.6499304046054557
-3.964786501823977,4.377201530289293
-3.480274111384119,3.599096999738149
-3.296855921210093,-1.1864161703583591
-3.7818064182479976,4.485039890419146
-4.512962331457885,4.950008723539735
-3.78487575157081,3.5728693082490146
-2.215963776671747,3.2657578658181396
-4.950046873471401,3.36800949137214
-4.950035504060628,4.144867981405842
-2.9667919290787963,4.950031141024775
-4.18642852269738,1.807068217194191
-2.849235935508178,4.950097873711938
-3.827085046730706,3.9072052315729904
-4.497386392253169,4.950125746574283
-4.017959022421614,2.1433889422510357
-4.950053124249479,4.939557255208886
-4.9500188565483905,4.040161995077566
-4.216925333708773,4.207337422714806
-1.6392943767277877,-1.9666784729103017
-4.950010365653989,-2.8166076959005704
-4.29404707898999,3.2426428096969895
-4.006421848087653,4.95043135816311
-4.950093678299692,4.733589515255842
-4.124372839180598,2.6478712331658336
-3.352543423918232,2.729691817356999
-4.05375504366949,2.767364655421521
-3.9073485893449558,3.8359241801382664
-4.424810269327128,4.735783362461074
-4.950100591986004,4.031106033046616
-4.247593601732048,2.8967997406700277
-4.330128000592522,4.950019072253023
-3.7364913835462836,4.950072761921012
-4.064844423658453,4.950269052760179
-3.999724548918862,4.0543536712311665
-3.991343324141475,4.308009810107384
-2.785132342945255,2.4113832703509486
-3.5976505190968906,2.2119329407824684
-3.985510080045782,4.950543798502658
-2.5607119206615976,2.7490343379431614
-4.950025242815953,4.063030110903949
-3.1966713157881452,4.950030603304228
-4.950005975628583,-2.8598073370813624
-4.061663588427306,4.950215637889485
-4.685111404185369,4.950023337757926
-4.950014169259806,3.9117103716029793
-4.950022360994592,2.7822198658603856
-2.1995476389717696,3.2906466496373787
-3.348815352903789,1.6558552962317226
-3.768865870674199,1.222333553968243
-2.6971605308564124,2.5442135840447855
-4.1026275663073415,4.95031781415052
-4.950152959878973,4.578171287195568
-4.950001592428534,-0.12276444331647218
-3.7503312257617343,4.950214588539235
-3.775230802453148,4.950144607426525
0.8738099529244674,-0.06917119543036332
-4.047308334952282,4.009207020072042
-4.220321540789263,4.196439630438717
-4.950174920184175,4.198920454094668
-4.950079436672327,3.6573435485713004
-4.950063173751702,4.728856563039668
-2.2859753972788144,3.1608440858309215
-3.8907658446715745,3.2770934090798636
-4.95061711804115,4.700121043381709
-4.891975355403894,3.0464965402165394
-2.31347453864532,3.119914276148075
-1.357948528874335,4.553033617100847
-4.950076032375503,3.6806186291369603
-3.0544799717169164,4.950151077729911
-4.950288655210475,4.08776425044254
-4.95025753364817,3.0089839323342638
-4.950216137343036,3.9050803629403728
-4.950189615795299,3.800287139180694
-3.804344018692225,4.950146234509752
-2.8638472795132914,2.294230066183112
-1.325551838496811,4.601554076732435
-4.950013922335745,-3.7597872268616106
-4.184541079700878,2.9361339614488022
-3.786709062150903,4.950030066412411
-4.9501836860785255,3.414359605069683
-3.4740006901793508,2.4427626117013626
-4.950007930377572,-3.294644750218027
-4.530027618215735,4.9502806374154975
-2.3258901163477046,3.1008627504613466
-4.950020177394063,-3.713722344354793
-4.950039503934251,3.1301090432366565
-3.9000768219700386,4.001907776521577
-4.131610261718568,3.9541700512529596
-2.745608818108552,0.5269165439145176
-4.950007110824623,4.689901463568743
-3.9847456018823304,4.015623111764356
-3.839267093218043,3.3939536240789607
-4.950652478109011,3.2896053725779826
-4.950047986069897,4.792624783940816
-3.895727355743054,3.242817866060296
-4.910196795010468,4.950045226877398
-3.9983658053739335,3.2556152545565746
-4.847822366575019,4.950030429052262
-4.868914252701652,2.1204139032586555
-4.950713507424122,3.0801106043851365
-4.950053123069913,4.824768599768192
-4.950075616465798,4.714733571170587
-4.95019113681855,4.62708513695562
-4.950149685211925,3.881303174070636
-4.950128473788397,3.8637372489219053
-4.87331041634928,2.090441561036794
-4.950206377738328,4.280896089176956
-4.950036549615064,-3.708847322061452
-3.9939836053890723,3.912864357677141
-4.950053046663875,3.1100384559521146
-3.8122712037437463,3.8153731479171915
-3.8786083192068603,3.8235889980958047
-3.4160898195893705,4.9502388979266545
-2.847653669486001,4.950001063826708
-1.7829131400099896,3.9157266167380507
-4.309335902520047,4.950225308692803
1.2962754114264803,-4.950012726736398
-2.1355822815273795,3.386567634899411
-4.950001611540876,2.8223875635565494
-4.950005949372995,-3.3006377734795698
0.9457517227834733,-4.950013737410139
-1.245676173203148,4.721497795620137
-1.7218667213647127,4.006772318583445
-4.749306648832787,4.9501875627793535
-3.0070104805158513,3.0725507995321735
-1.9382368725752699,3.682374928151691
-4.950182546103894,4.783135282742469
-2.4452348305997735,2.9222313654958696
-1.786529148193467,3.910313418320842
-4.95000390521806,-3.34155703960655
-4.950008980772429,-3.192326991424311
-4.118189749648067,1.160307941342072
-4.868692641219785,2.0989763723598243
-2.910595973490715,0.23129335867723697
-3.890262526535067,0.7772427527461837
-2.7694174703670966,2.4359220688650858
-4.950015698093417,-3.3549024044283535
-3.777397560660313,3.9948877843707282
-3.3616247737048037,4.372922220756655
-4.9500607303002075,1.9698544917402792
-4.060820188100767,3.9178334833557855
-4.854277566690933,2.1179736741293302
-3.8856563172067533,3.93206508015048
-4.950074863021498,4.337381840479794
-3.8200728064231018,4.07531209187317
-1.8328926074823613,3.8406747997985917
-3.9716100305708006,3.926730003432852
-2.929939964521015,-0.13996592544715963
-4.950015709014392,-3.638447904836542
-2.8866552103798715,4.950058012997525
-4.803469538324494,4.078021348300886
-4.268789467938447,4.950079516310971
-2.0745187472804396,3.4782535238559076
-4.950005236677271,-3.1322300454382996
-3.9369881778684124,4.389976723031838
-4.115578687857502,3.7139058490776153
-4.484329579387808,1.3105825849036572
-2.6310578584828015,0.04165810223676432
-4.073836636489925,2.5195315516488894
-4.950571105082559,2.239695476784307
-2.503697979445286,2.834370920398523
0.9500433352499417,-4.950013674803436
-4.874051982108201,2.091836754939018
-4.869919769694075,2.1111123411907693
-4.95065803271699,3.4646453215734145
-4.606161973279286,2.287885891468157
-4.456854187623741,4.950103110057332
-4.950011240408671,-3.571459907458283
-4.950007557927322,-3.217784376313621
-2.8284533833655043,2.3473294048887268
-4.119701619855101,1.147450667910052
-4.3486542998660624,1.8592179490149812
-4.2966798586983055,2.512163281072053
-4.950238437875176,3.8696088640135837
-4.735710026071418,4.950020020192807
-2.4878712554910205,2.85824714638899
-4.95000522826079,-3.335990348420665
-4.950013709354074,-3.193641295674479
-3.682489688440318,2.1807091478924385
-2.9522957659589144,2.1613775679592986
-4.363113124512415,1.2689876394444677
-3.5127023364836756,0.43283215943325076
-3.3320940612406447,-0.2717470539756349
-4.5108441287100645,1.3298384880034486
-4.9503246372353455,2.2520956644651995
-4.596207898034071,4.9501515615223415
-3.8815490811392466,3.921249727375449
-4.599654856057532,0.1723085019591731
-2.861292837873529,2.2981393524783904
-4.456381183956099,4.015810295118169
-4.950008378443739,1.8379089104639301
-4.634323178942904,3.240506825426279
-4.950005080005983,-3.433029022648397
-4.950010797516965,-3.1877540469308148
-4.20715471754653,4.103264754810529
-2.936901697492255,4.950025169126622
-4.950005747279835,-4.068476279301413
-4.950010002099781,-3.3102848064091157
-4.950002179612192,-3.194193451464764
-4.950019762927631,-3.8705342593179313
-4.950014664546288,-3.184065732065885
-2.8935889246557553,2.249635795653215
-4.95000224248166,-3.3003290869741257
-4.950013318438711,-3.194536737507251
1.8904508991491726,-4.950090049681305
-3.8362561136773317,4.1913087351437355
-4.4857365973178425,1.4244228850552254
-4.85930615933185,0.30114168963710974
-3.738780705891727,2.093882851575594
-3.1163098998113976,4.950085267458911
-4.950010250764571,-3.6273597486882903
1.7284459782189332,-4.950051443227165
-2.8364368108697797,2.335289667823352
-4.950020626910264,2.1617751840870736
-2.841450187858546,2.327824873814135
-3.8583614950128577,4.096247600769173
-3.8060510251036472,4.9500273956476235
-4.532063011763319,1.5027298496098478
-4.435595041953593,2.502504175907107
-2.583885675673794,4.950014462781303
-4.950003159496886,-3.628619056184821
-4.950006430744201,-3.32142086527237
-4.950009832253447,-3.8677845382718017
1.8732689832318696,-4.950030276379808
-4.950004131350329,1.498361238819208
-4.950004571676044,-3.1950646938842344
-4.9502266564007735,3.528349547402893
-4.95011764521887,4.348067527391464
-2.8620593842203017,2.2969704091711813
-3.313003361071406,3.9454196261597905
-2.966713821679948,2.1400131870603696
-2.8992207047864387,2.606655184172707
-2.838851471163838,2.331747375769339
-4.95000735580189,-3.267682358034793
-4.950005337982191,-3.2298519901219516
-4.950007301936485,-3.1968058450253976
2.508934946403204,-4.950008121239337
-4.081509500595788,4.80272426967797
-4.950005511830698,-3.384220831035719
-4.95001210869892,-3.8634219493692687
-4.950008257152842,-1.9241402255715703
-2.8905735818383125,2.2541028998188812
-3.864025096162842,2.578002383657966
-4.9500081426393345,-3.6158907797296624
-4.950013356745802,-3.8573968556093807
-4.950007038686776,-3.861018222177279
-4.950121424852119,3.535774722490791
-4.3094707539620325,4.950201910079549
-4.950014537777718,-3.6228985288511506
-4.950278375609934,3.02617369852964
-4.5877242579926785,2.818046747649291
-4.9501499395402995,4.18865931480823
-4.950075659265479,4.487665432071679
-3.461361581869528,3.970096620926745
-4.950001111693184,-1.6039236159170729
-4.950009341888639,-3.2034105955962797
-4.950008407043138,-3.870167444340984
4.263321566304312,4.950035909934114
-4.950001114737349,-3.054422250978153
-2.118499548458347,4.950006990442701
-3.9541184398416864,2.620642340688567
-4.950017757766299,-3.538010026133261
-3.256961585730007,3.1597776983101236
-4.950002704260101,-3.3786900561935798
-4.225245887497893,3.7007224867834085
-4.950000187825847,1.1726619409084047
-4.95000790833623,-3.8687526909701497
-4.950010178229303,-3.8604733513311515
-4.950012310090301,-3.8609513211059747
-1.6869329112801514,1.563344282347987
-1.3780039477374477,4.950152644634587
-3.5640633201091063,4.278544691778057
-4.950150191164925,3.9983115187974034
-4.950148062988689,3.2675165830508366
-4.215417666644542,4.950016912945844
2.8886094658760886,3.9447368366434494
-4.950009981620868,-3.6324970023160645
-4.236608446526444,4.01389736155235
-4.95001245713679,2.1019447897856693
-3.9292875868850854,4.317370206674271
-4.950140088888643,3.1165292464474605
-4.0701867107824805,2.9561473230655593
-4.351025162673016,4.9500324403029445
-1.9525963617755941,3.6611558430317506
-4.950223083199468,3.0187730742309165
-4.100955205446948,4.950116665020932
-4.950031796680688,-4.06234249663239
-4.9500001596207985,-0.8759051511202147
-3.8428674912589047,3.928941649503984
-4.950014163981277,-3.758452846317752
-4.950004385778044,-3.865412118640402
-4.950000787558258,-3.8605416555449446
-3.6544367272433047,4.95018131913987
-4.950138246513514,3.079902816817576
-1.5625980071619332,1.540258914656659
-1.2420372046303494,4.726921970676039
-4.378531285711199,4.950028069797999
-4.950076424246437,4.302114266826049
-4.390398269360457,4.950188392956545
-2.758338927106114,2.4525931348661216
-2.780032832773214,4.950015306059189
-1.2421834724169756,4.726702771478142
-1.293209941025377,4.950043786134583
-1.2431948857428705,4.725186089869252
-3.9402213235672905,4.423510033046384
2.5846178153085013,-2.578446734174739
-4.950032638524046,4.107226780100455
-3.146298946665408,4.9500401293693805
-4.051573285192778,4.041437122619786
-4.950129947206208,3.7047543731674053
-4.625380663495649,4.950144956774186
-1.2168882180067846,4.7645904976813584
-2.6872961664481814,2.559187222133169
-4.950019835408782,-3.882664382748859
-4.950020013587104,-3.859862428154275
-3.829684425764805,3.1985371560576215
-3.8633049387229077,4.950170936787149
-4.301116454372031,4.95041095337275
-1.6799217808211848,4.67335762072044
-4.950003202139317,-2.9884942881217005
-4.080118824162979,4.950123040865824
-4.067008711683816,4.9504431686280554
-4.235168678758045,4.950019157868527
-4.950171213039914,4.200645342551995
-3.2624862262678995,2.556855455638055
-1.2493137947960369,4.716156969897306
-2.662324224055112,2.596554686511189
-4.95007178021152,2.21700982811795
-4.950058328216622,3.2549325615772795
-3.9828307214988663,4.177484923766833
-3.660094770879402,2.691343234544862
-2.8538290786725637,2.3093765989001604
-3.565296234231499,4.95005675900355
-4.362724981518611,3.4619172132170735
-4.669611620623796,4.950030365301797
-4.950007540810832,-2.5966418620729312
-4.950013496092611,-3.8783344261521524
-4.950009911709784,-3.8599614624528598
-4.06550394303082,2.8037628616502106
-4.488989771084631,4.9500329283317335
-2.7647212284690723,2.442873990682998
-2.8538637279476067,2.3092006389613946
1.963433176307522,-4.950010194607468
-3.638115660350575,4.950043291746797
-1.7646756306442937,3.9427002740540176
-2.3834127491421717,4.0930319674521005
-4.950093254684967,4.28101919627851
-1.6965379734843136,4.665488053411637
-4.0076331057968515,3.9101693520092247
-3.679339433071767,2.8986763245554266
1.6366170518216632,-4.950019170499594
-3.8308216503799217,3.12448387325528
-2.8935915168584114,4.9502109935863565
-3.7319338383094807,4.950079527629277
-4.950005197190484,-3.003739231456507
-4.042296812240133,3.915995156752317
-3.6856433200343446,4.950219299953136
-3.2060377280824444,4.950145714399731
-4.9500011991373345,-2.950391185966163
-4.950020474202687,-3.873772546329105
-4.950021816934166,-3.860364802083815
-4.950006495574925,0.24420286567086474
-2.8471690944929327,2.3193827896562214
-4.238809657869626,2.992192446611847
-2.950818320811292,4.950016186814078
-2.816869349268218,4.950061890233093
-2.7035397462195916,2.534669698182271
-4.95001825189887,-3.8647562919676997
-3.700867691841107,4.1031068511578574
-4.174744908418814,4.950139906945588
-2.7453734522047624,2.4719439881597842
-4.130865075295897,3.8241864191977895
-3.923420467915486,4.9500230755659365
-3.814022760401247,3.150146209046959
-3.896704703137813,4.2485903246997765
-4.950035619350868,-4.208033532575741
-4.950237500643157,1.9486444783229302
-4.950153344905206,4.183559654261484
-4.6106930350286905,4.950222123047411
-3.8550976203871414,4.950157025063217
-4.199975626231034,3.5363333098286476
-2.7110443294054205,2.523524262319861
-4.950001966877351,-3.779554981757833
-4.950020211290684,-3.8643350331076376
-3.609898089108485,4.9502076544925036
-4.950039828888094,4.059810554300395
-2.9127989008012714,-0.9981812622630862
-4.950007992168743,2.7759470183354784
-2.89211152073215,2.2518436306838483
-3.903318288599887,1.1631727493523325
-4.04195572619595,4.950055943714966
-4.950013884073275,-4.061276811294194
-3.842443064237379,3.245097720110141
-4.950214998732894,4.655141396518438
-4.950049179115861,4.32702441085204
-4.730447674472066,4.068434660658528
-2.9993197468820996,2.0910600484182895
-4.2376757293078455,2.833169949754668
-4.950040948916926,4.78585540548043
-4.950096973759082,4.861186235453178
-3.953648907310536,4.950032448133164
1.101569464233046,-4.950021474609411
-2.986441928732375,2.1102773287540693
-2.8489492639462934,2.3166122122932347
-4.950015706155382,-3.880047375396265
-4.950006975796317,-3.858997993193698
-4.9500083058999245,-3.860981795773215
-2.9448873533621365,2.1727991182479043
-3.3696353025225765,4.207854754319302
-4.188344270654009,2.7890054477586617
-4.501811083618962,4.950173913346013
-4.784343186410343,4.950049012941772
-3.918542754936253,4.326339447951793
-3.3514304408259226,4.950013764329741
-3.0248969821751652,4.950059446686042
-3.0280226551215854,2.047592278052625
-3.025687702812531,2.0513030777761325
-4.112408250855163,3.2143839890801438
-4.950014212140678,-3.870980359637479
-2.8645097558183967,2.2932987887725313
-2.9520904968587787,2.161855559438356
-2.9000449047940586,2.239976838905754
-3.0235066032248303,2.05482724847907
-3.6465973038994273,3.497887463680332
-4.950065174328562,-4.2043871741610745
-3.475744497322845,3.900180900943623
-2.5626405932769423,2.746041462808016
-4.950009786786882,-4.083576914843731
-4.95001447026723,-3.6596278089833523
-4.9500001168106476,-3.8521206803465153
-4.484918740034081,4.950077612744623
-4.758323633230818,4.950124224498175
-4.301744429278607,4.95014706194125
-3.5132442598843654,4.329437968829819
-1.4527731120095908,4.410746746491319
-1.1837747549291677,4.814335003142149
-2.812258936788595,4.950216856855264
-2.779217434625709,3.5199485616114066
-3.2286684975051148,4.95015411656446
-4.56828776171438,4.950122268047342
-3.6664596824562956,3.451971746422669
-2.894235401465971,2.2485808654877717
-2.9329722980872166,2.1901143359079605
-3.801487833348438,3.8413814332360103
-4.1522922833891,3.6354795182307584
-4.950000139465971,-3.765627833923273
-4.214206549839539,2.769435667389119
-4.42117843216711,4.521603010505778
-3.121241671588687,4.950018453556236
-4.244140379898884,2.910457948948122
-2.730944350477299,2.493533620601959
-4.950013520603401,-3.8664662451736556
-4.950014441963041,-3.8599259099168832
-4.950018390298114,-3.8478330951634416
-4.950406753614798,2.6921104199616486
-4.823254594113388,4.950184287117942
-4.431880122401999,4.773784208736453
-3.1578288584607392,4.176226444438481
-3.498988422212865,4.950030954585911
-3.7851662994897906,4.248717035365471
-4.423558352399202,4.950055480022636
-4.823728746333583,4.171408765411535
-3.787545963639139,3.5633138637328337
-1.9676986704258264,3.6381406430450087
-4.115289279792136,4.04140094363265
-1.6304075431854599,4.144405462538454
-3.341628092816264,4.950131194846955
-3.507281309384631,4.296471701035765
-3.0249684583538943,2.05258082195872
-3.8454567636819452,1.8399314075889792
-3.1436310398681204,2.0732236246093776
-2.6989901270025154,2.5416093546669027
-2.6685841493718088,2.4072029147883516
-2.765280824684578,2.442210337729343
-4.950024115857741,-3.889566103596785
-4.950016259008012,-3.846562725343032
-4.950350617599724,3.027504482621129
-4.452244368791925,4.6447737746798685
-3.9809313470594105,4.301863757428298
-4.950013223119208,-3.7288748144781723
-4.950486915761735,2.6721606768688004
-4.950198843382228,4.113928602336924
-4.950104882411872,4.5741556786697615
-2.9573834359837994,3.9111645276329887
-3.757329010963412,4.9501728658879784
-4.950020271498902,-3.8738179252420073
-4.351560216175014,4.950000891148243
-2.803836114889911,2.384378274221641
-4.950009861398244,-3.895216573432247
3.745576725492156,4.950161660167877
-2.7990352023812504,2.3914357168060896
-4.950005435907482,-3.6638511899173363
-3.553931127251074,4.154949870994596
-4.706027307192238,4.950468733149398
-4.661458163473692,4.693873329336147
-2.495967385719191,3.7974910302996907
-4.9500163469749685,-3.749691709498131
-4.950004985443575,-3.8625128691383583
-4.950014754935495,-3.8609050112575796
-4.393153030494803,4.718713007386406
-2.966495588236054,2.1402346400447643
-4.301791759283298,4.950118113372002
-4.540982245981893,4.67539887624041
-3.641724402660688,3.514108117620208
-4.093409373960144,2.4045132359523578
-2.9855307090801104,2.1118304197433337
-4.950006824034755,-3.6515352259880216
-4.950025966299877,4.328785201815387
-4.950130421569289,3.835023106854562
-4.206017531159929,4.950195423808663
-3.486684951650568,-1.518544428200883
-4.534814050666102,4.783282311174994
-4.950265076302339,3.863384952474247
-4.67841748434708,4.95004651131005
-1.7088646348491068,4.026028215767894
-3.9501323754222595,4.264384122739644
-4.950546895566429,2.8993364758868845
-4.950002748639965,-3.2962656650365516
-4.950037042115558,1.7130353029408902
-4.9500056162952095,-3.6136901679262543
-4.950006186799014,-3.867833486632891
-4.950007677401156,-3.8604937508422164
-2.9149026188855562,2.21742100282645
-3.9664863561779993,4.0518332871706235
-4.926614173031716,-1.8021845230993097
-3.5667145212316806,2.534288142050801
-4.546682400426344,4.67039222343166
-4.360154457155125,4.864101841570855
-4.334830897057604,4.5811338283874035
-4.950018597318564,-3.8613160604683285
-4.175099431167584,4.903309679981776
-3.7312534676427234,4.950178254266468
-4.463775573288914,4.690371979204755
-4.950093739831791,4.7736311436523895
-2.1816585514269793,4.9500494057380795
-4.950019867271603,-3.8340557474626715
-4.377183379676875,4.950164922597271
-4.95013541927894,4.593384617540192
-4.950061650608363,4.392836578750776
-3.847109752210886,4.95005889666771
-4.419243218385133,4.899962581820285
-4.323839606132104,4.950011502811295
-2.7021799834554163,2.53679549698809
-4.950007414390599,-3.6623640567550386
-4.950012725895407,-3.86632691524959
-3.9212816978926246,4.075169482127516
-3.9586763537822915,3.9800606167949915
-4.950002776339252,-1.0164825956575565
1.8801468731847126,-4.313353823248211
-3.473068027439568,-0.24466052550768969
-4.950002826918338,-1.9538827954760503
-3.291927213012329,-3.9659946502238226
-4.950027597719578,-4.206978327712822
-3.9627108595217058,4.021280855138103
-4.728849954020718,1.9869366626240406
-4.034052494893588,4.162388985612482
-4.065996420434257,2.256701291553442
-4.080394931319211,3.6758537759442502
-4.950015110267663,-3.8660316052097734
-4.870271182674554,4.9501114515601214
-4.169055956887286,4.0773759555804485
-3.9708600296224357,3.9981815085056684
-3.698150738621581,2.1561425813102266
-4.914512075298268,-2.3732626586162633
-3.8683785828502883,4.020556324178156
-4.950007296855653,-3.700079153234861
-4.950013724710477,-3.8648793166711424
-3.2944200984878917,-3.964648591148644
-4.950012514059293,-0.269941085036137
-3.0262499931147975,2.050502777583977
-2.877157191632903,2.2743242649366517
-4.950008321118109,-3.773991677814611
-2.9052655727430907,2.231905345756279
-4.9500201139369615,-3.9260448745890986
-4.950001714493895,-1.7435507125465861
-1.7777467621507554,3.7434213425276526
-3.79998310789662,4.194372137195696
1.872499994606306,-4.308255906824472
-4.057113290994999,3.996916839865928
-3.959864354901219,4.180709732769591
-2.9009066447059824,2.2387217052078285
-2.8956306728354977,2.2465676177863294
-4.95000317817944,-1.6600447694896607
-4.479566999241567,3.444961708350647
-4.9501477440185795,3.8706591336169893
-3.758879587412295,4.31957123852933
-3.277314299453988,4.9500951511703795
-4.190677703835045,4.95003146546397
-4.950011093186057,-4.048523037466226
-4.950001007267863,-3.846174169998265
-3.294264627627229,-3.964735070069421
-3.0255651110396107,2.051604903251114
2.301551445568342,-4.594435637262762
-4.197932761201086,4.950000708816333
-4.310948091024191,4.950102054341094
-4.950060700130744,2.674901836485173
-4.950009463895151,-3.2836166023589723
-4.950004446618196,-0.4191588103911341
-4.292525817592843,2.927593621728369
-4.950006001633042,-3.8665615911191566
-3.4531326457362375,4.14641806500903
-3.4330788482702856,-3.907180329990399
-3.024012068601066,2.0539654623802317
-2.8783512372954663,2.2723910764668527
-2.9453256559908367,2.1721166829483356
-4.835566260658811,4.9500169269134044
-4.9500384154891846,4.803594860758085
-4.9501556547168,4.481539916962567
-4.445307625341048,4.950036299414095
-4.704021230485472,-1.546261150825555
-2.843103663122061,2.325466401293529
-4.950023166937575,-3.9492769751169305
-3.2953444603461755,-3.9641379016210156
-1.5775359888179914,4.223790485928969
-4.624467335444873,-2.0214501532655635
2.644108415104774,-4.950064822271836
-3.016462329110902,4.321916180971821
-3.0251024161046725,2.0522460922629184
-3.025836462473297,2.0513239344508625
-1.0903231480216573,0.20767419531098455
-2.7100519455576366,3.87343745692377
-4.950199993806462,2.9350445049653353
-2.989508352241122,3.170902257350034
-4.465001962207552,3.584696711460343
-4.360580444985827,3.4543893438448756
-4.9502455510223795,3.997031057480431
-2.9075700149722103,2.228764514633796
-4.9500127875378634,0.3842483409980991
-3.0259201643308318,2.05106703658329
-4.48051547338915,4.9500843452720416
-4.950147007234027,3.147820416930258
-4.950005874056495,-0.20484689232785536
-3.9340232156026187,4.046947774602166
-4.950033068005856,4.325974979648492
-4.4879162003024184,-0.19990564224821283
-4.95000394113552,-3.833293693807465
-3.2941534110159116,-3.964795334319675
-4.209935994200903,4.950166898725293
-3.02445559305853,2.0528533228524837
-2.8160468317484826,2.3660251957242773
-2.9120829588086283,-3.881395303672402
-2.967035500407528,2.13956499960997
-3.277095061622019,-3.972115558039857
-2.9838463299840186,2.114357270738715
-3.0038647930824354,4.317293222969877
0.8443578144626079,-4.950002332343642
-2.828832889245436,4.950098377955077
-1.1681037756206432,4.83785093556805
-2.7379094498715366,4.7010797438017295
-4.094360960687424,3.121844258416869
0.1111957904331588,0.9540356968473175
-2.7879404458291335,2.408134173630867
-4.950008395021073,-0.03164270954774968
1.5181157959926121,1.1080889641583815
-1.4105872038007277,4.950002784862041
-2.9240060935167373,2.2038825287165635
-4.542015409451071,4.95000793355816
-4.950008765776743,-4.062069679820778
-3.297331420942966,-3.9630208035896413
-4.522252842867649,-2.1484030653263817
-4.950003100193825,0.045923563087303554
-4.950017026072795,-3.874706801382284
-3.236431942724392,-3.970439294277278
-3.0247320298983467,2.0529706930775156
-3.5576154939447613,-3.8850029042796894
-4.950016961944511,-4.206486498390135
-4.950013801286026,-2.796056465617021
-4.950038980643149,3.842915520419374
-4.95007000299921,4.741569654934028
-2.799404316427063,2.3909041388738808
-3.866194892531009,-3.9329074576321403
-1.464581535329197,4.3932237716879605
-2.8142046179440663,2.368806445669535
1.7522050530179671,-4.9500482405162565
-4.521516521561449,-2.1550673320189118
-3.0254970097045546,2.0515116923286665
-3.7610760853951923,-3.5965653460390508
-4.049175374662334,4.950057047006496
-4.169614717465155,2.554158629387575
-4.255334265677063,4.9502490465266344
-2.8172615591177412,2.364193242149909
-3.5644982751227148,-3.8835714666025525
-3.873355618607566,-3.9226559894776707
-4.950018553494244,2.6785532821757463
-4.950157360225753,3.9982098281130107
-3.6849728650913227,-3.7769496531603104
3.3222110809232084,1.575491529369703
-4.950093217170057,3.404492062151379
-3.016584566155149,2.0650086176710505
-4.378200664601015,4.95007440481204
-4.615417400303936,4.137948662379976
-4.950051815544995,2.151253867849355
2.2822659305640647,-4.950008749894815
-4.950007026242915,-2.916670532827325
-4.157251570672144,2.79754579449878
-4.950008114177436,-2.2876093214935795
-3.90693047665283,4.0740225170375535
0.7609217630162151,1.5900823321922934
-4.95003717801407,-4.089530933940521
-3.2980277373260636,-3.962621754595568
-4.950000051910932,2.7174643303645336
-3.0275503778188053,2.048657067350301
-2.8722446734037965,2.28149229277908
-3.563425480118492,-3.88414329756451
-4.9500023430394835,-1.9875892205721042
-3.8672643809468656,-3.9319966614194413
-4.950047963587845,2.8592892206014318
-4.95000021501061,-3.4184147172207453
-4.552362516915382,4.950033929785043
-4.950002826320015,-1.082998785008774
-3.5661484222647477,-3.8826421138527323
-2.699235411836924,4.950013618337895
-1.1118631890231663,0.4684170309618334
-3.855004192081571,4.310636841935987
-4.459711003609666,-2.7204211915510563
-2.5005572380639105,2.8388299153975223
-4.950011907735439,2.534149254860066
-3.586549931592022,-3.8685690642699218
-4.503963653694264,1.7752003811630535
-4.9500040146595286,1.2168643310241647
-3.582081153051535,-3.179617389297387
-4.301820623354618,3.90574419063803
-4.950001603186081,-1.9115713414326978
1.377788812604262,3.0060401155092205
3.1864824154490807,-0.7052351395682348
-3.145843997373607,-3.7578359870636304
-4.048096522793716,-3.302633918232925
-4.044819958078835,-3.3070446423714652
-3.866536752469447,-3.9299655767106203
-4.0907763207194705,3.925033073713201
-4.950004737773092,-3.4529637845021304
-4.950002565207817,-0.04118817454392491
-4.950020897145297,3.0464951482627916
-4.95000367684682,-1.7743094257001513
-4.950122962574282,2.9895006761958336
1.1667512203313148,2.4991773934746133
-4.950005163069426,3.867427619128332
-4.95000848935661,3.690824143043113
-3.5649372659297547,2.260140563625224
-3.95765994207632,2.7395111072816185
-4.529530410914254,-2.6097804503023276
-4.624394940049261,4.950096379941618
-2.9623864531148043,4.950046514154699
-2.8095979728625227,2.375738559158644
-4.950073016477344,2.954549467638322
-3.724492721382992,2.1154788822056365
-3.5735432878043976,-3.877870633343343
-2.9812950285841375,-1.072360897247127
-3.7037997448844844,4.9500815020800255
-4.203165467219091,-3.096162037981902
-4.044282601612868,-3.307802160810265
-3.8665363152097902,-3.9299640252958365
-4.950012348255821,3.7331126999644484
-2.839015051387831,2.3311360521067117
-2.977477252200151,2.1239134674013025
-4.043186108848004,3.9687217754337016
-4.950041819913025,3.1292583944434447
1.3425575580959725,0.9712029148368237
-4.950033616981064,2.7916262380872885
-4.95000131798062,-0.7126133106262014
-2.8937878242978545,2.2492835890777703
-4.307308643083421,2.920162615504742
-1.9697705535294623,3.6871219330865386
-4.497144912639479,4.779625492290934
-3.9790615738362187,3.987661347167633
-4.644039623912258,2.681236991325481
-4.270432467702192,4.036660588011138
-2.7555998834759743,2.456696508649038
-4.950036115935042,2.5728874609167813
-4.950003044951371,-2.205992748951169
-1.2233637074941994,4.754986565275236
-3.8602724322991495,-3.9110491646624412
-4.044958374953738,-3.3067785450290903
-3.8279983640377764,-3.944470012531846
-3.8705268170897758,-3.925660890814931
-2.786734594218546,2.409383124550774
1.0362835872834426,1.9657036356920314
-4.144312624462778,3.984355201957579
-2.984489678511538,2.113345809884768
-4.938885761415802,-1.7483466955178908
-4.86868345327963,1.176513327765453
-3.4728236232417027,3.4837749601395687
-1.446765148082186,4.419905395129518
-4.029572768166543,3.940276451488855
-4.498003219174805,3.4298732357361414
-2.8707663501490712,2.283497530626382
-2.778669102552068,2.4221210182215063
-2.827966312030236,2.348155432211795
-4.9500908295753145,2.8332206204533206
-4.336747507008768,-3.3615157422775375
-2.8861256152661747,2.2609173395378472
-2.7912814935525034,2.402775759515636
-4.950018910370044,3.7178648621996526
-4.950001230132596,-0.17784029960784564
-3.5665220009048126,-3.882426882273886
-4.04619633649385,-3.305130754670007
-3.827994481645352,-3.944477570172627
-3.8705268645184283,-3.925660834417839
-3.9679768689320367,4.231412297918031
-3.831224566091069,-3.941005961696237
-3.0497838956007963,2.0034488915027064
-4.511375650967332,3.388740307456898
-4.148983500786059,4.2256605971718155
-3.568695185653227,2.776263848058484
-3.8255131060462046,-3.9472067349807447
-4.950355380625378,4.691231556999953
-4.95003139929353,4.195807739429578
-4.0784890466406205,3.906032520811821
-3.9771484602192797,-3.8134237622884863
-4.950704056533086,4.810678368443551
-1.7803668910433106,3.919481419648386
-2.507992627005825,3.0409841358486944
-3.016990029354623,2.0646083181947645
-4.950004675450492,2.7893376304885535
-4.115879321995089,3.8701131024075055
-3.021949534534098,2.0571931884845935
-2.357680110820819,3.0534583984399704
-3.111016178093086,4.950051573979588
-3.9693090209052535,-3.7974717812331886
-3.8306905194937655,-3.941573558903696
-3.870478726008571,-3.9257102845451235
-4.179050583859427,-3.7441701842242816
-3.6145886331084336,4.014031439543371
-3.2815559733385786,3.6205946353743563
-4.338463701291161,4.950094942714651
-3.588945661119303,4.036436158131808
-4.624507845224691,3.3656009066286208
-4.072784856109362,3.162054436441706
-4.581672846239485,3.3640526617660886
-3.0353812243319647,1.9646760769412552
-3.8619990105876227,-3.9092855669409707
-4.044956503951697,-3.3067809725265267
-4.495614470029889,3.391972758876075
-4.562218891567279,3.4277215538974533
-3.922751214560044,-3.8792268854215446
-4.044983540200588,-3.306754391595401
-4.95000332441162,-2.362161717908203
-2.9719440182278465,-0.8016715764603766
-3.038292055619743,2.0326568528431137
-3.9723181950928423,4.263590433964047
-3.993021280413347,4.021491771822086
-3.844627865363259,-3.932789782558765
-3.870388793861086,-3.9258062375527576
-3.870126284448596,-3.9260896162334222
-3.8323436784172826,-3.939813997560846
-4.0898357688202855,4.950178538813437
-3.6467763936712982,3.7871438631334295
-3.3063179964805034,3.6328468260689624
-2.6742934207319755,4.023642880384379
-3.0224536912115347,2.056381066290236
-4.077673385444868,4.950003102606765
-4.950003415731215,-1.6457207527619626
0.8579630749350589,-0.08721018659788954
-3.849044725803166,4.0576123676140545
-4.950001299880918,-1.4622031612257333
-3.1530342606834227,3.747614317483576
-4.356021626585167,-3.3102987472116663
-3.0073958985022986,2.078885803992341
-2.9178566910363544,2.6878129888867566
-4.234895161717548,-3.671119691916717
-4.950001589621464,-0.6944825933405375
-4.149522743011407,4.040030456110165
-4.7436434008402655,2.7620872297835404
-4.176387791452478,-3.5804446515996107
-3.8270958922861342,-3.945461205686112
-3.870531855751531,-3.925654428304082
-3.870125467378449,-3.926090629316715
-4.088899889143402,4.95014107783882
-3.830485090998049,-3.9455995318020465
-2.7235901995550265,4.950007205756535
-4.950005464526771,2.157646225003923
-3.4167939265074385,-3.843572916317812
-3.3046193850657586,3.6494171912256794
-3.361269748893973,4.950074735861458
-3.8657358627025107,-3.913349797005036
-4.089065031838241,4.95017240452193
-4.95005663636381,2.6397829868644953
-4.74218502411501,2.3536608289721332
-3.846110961046832,3.2597832457889706
-2.8913398953919804,2.2530053782041213
-3.021651121540227,2.057647248334263
-3.3668952927864857,3.428268973663999
-4.167638422748222,-3.5915306547352066
-2.879583740434029,3.6704992673454444
-3.6786329747383073,3.8562217227013713
-4.078374361502324,4.950131723876409
-3.6008798260042525,-4.111804349249516
-3.835580793709848,-3.9364071089448163
-3.870429197409925,-3.925765061982807
-3.870126090060842,-3.926089873321125
-3.776697452465334,-3.9604947973494387
-3.2422602391194126,2.5679443403913114
-4.950021358772512,2.764641038676959
-4.950007052961408,0.179922184481935
-3.867795635788702,-3.93153774230712
-3.832430915417062,-3.9397196966451746
-4.629040336239043,2.3176660754341225
-4.33078288309987,2.5403069361477515
-4.314687767506972,3.949252675978802
-4.1098735452277,3.957632028124585
-2.813947556930166,4.9500067906481995
-3.9310411945242882,4.950068557762403
-4.101769332398747,-3.647733555084136
-3.049141038373743,1.990891413306534
-4.407041970044902,3.904000891507954
-4.022079897213719,-3.764079367735853
-3.8680733410001045,-3.9282962206463856
-4.95000543504447,0.739358231112043
-4.410710868780882,4.95008500635765
-4.950005671773944,2.0558974438716957
-3.868194991392845,-3.931188077528852
-3.87019314882329,-3.9260170024471592
-3.8701275157295325,-3.9260881500453415
-3.8323436676914255,-3.939814010009336
-2.006112627352633,3.5808963828152143
0.6507537570502061,0.06289826224956012
-4.950020434452844,3.9970992842335953
-4.293417808731843,4.9500719631660175
-3.0139707962656086,2.0691370246156042
-4.950031124947204,2.905516793250556
-3.8825698881815516,-3.9178799913760844
-4.950002743783774,4.313582040475291
-3.0249627347425654,2.0526664398274077
-3.1210193211559836,2.37998774439044
-3.980329765076019,-3.949959800211043
-1.4216299217553146,4.457541920289789
-3.901609597758486,-3.893222950233947
-4.9500021236217595,-0.6104598261948873
-3.9109595416448135,-3.7812975954458112
-3.9945236761610783,4.391843963236878
-4.950065559852588,2.8970923417203465
-4.591375549770811,3.008987506191545
-4.950183959251721,2.856030622590029
-3.897991969947081,-3.9034137352783804
-3.8698643249767657,-3.9263700464910074
-3.9884507307063375,-3.9405204888223255
-4.950000362470985,-1.3434538392064144
-2.996790300123979,2.0948387916676197
-4.950024295323035,4.1797179458580205
-1.7674183900246934,3.9389312818976636
-3.763787451261928,4.06973442332588
-4.9500001962691025,2.7388581740510283
-3.844422008996404,-3.9329833927600517
-4.837253118249749,-3.8148425302805693
-0.23769313850748708,0.3775121059897406
-3.674590591673803,4.950052977854379
-4.830467685311775,-0.016688762226373693
-3.830184545711247,-3.945858004941615
-3.832842087393895,-3.9392856138118755
-3.8138029576841657,4.950017954414992
-3.9254442620657906,-3.819723153499886
-2.676126216783142,2.575610726705816
-4.619750879074932,3.7411829061873707
-4.164187690925935,-3.5714233270427274
-1.7742962245643106,3.928585409648817
-4.609844434011124,2.9846717154630618
-3.955331833661821,-3.8368353920123406
-3.869017111466876,-3.9272801327365414
-3.9884550560953373,-3.940515136251366
-4.9500865428402,3.063131002462301
-4.6700164222256415,2.4638318988369803
-3.9809884063500705,-3.949460162360727
-3.0592353195609614,4.950069688277044
-4.9500023051426085,2.5327997781234517
-3.882544843446183,-3.917904967101185
-4.950001590071662,-1.347025763018682
-2.959078432245385,3.66065659209119
-2.954140945032013,2.1588877942241353
-4.288615818092862,3.9755495483306253
-4.950025636849669,2.6527727796647596
-4.72768937328782,2.8702518594306112
-1.2968218546493582,4.64485052913516
-3.897339945124145,3.109025565183814
-4.950263537488306,3.609580768485771
-2.7644348620470267,3.698863612733463
-4.950000063764346,-0.182473718984815
-4.950002528727943,4.18870635550631
-4.169078720080887,-3.549179309099218
-0.42965574815744945,2.6589737822703245
-4.29098363718187,-3.4265866324899403
-3.9833869110271163,-3.9461720376409724
-3.9874140893743766,-3.941672051244252
-4.694284040586008,2.56121598036669
-4.950003420968543,-0.9065707943733667
-3.8497196684494153,-3.9296057698467517
-4.950022484584321,3.4388713025237614
-4.950002534776368,2.363637849511755
-4.950010529354224,2.8769981163489518
-2.8132978571309466,2.3701638770788387
-2.808185641660615,2.377781230374833
-3.8660355423726527,-3.9330416066597405
-4.783347360618728,2.396891400939842
-4.613427248306284,4.9500582130425
-4.306143786781742,4.950132818262465
-4.950007642322091,2.4507346138562354
-3.632275608162151,4.950019454833257
-4.2395263011798265,-3.4976704024193075
-4.780216891550542,2.421510370677054
-3.0140924285344664,4.2437759824501775
-2.819257103474248,3.8139029197710497
-4.950022544978048,2.8427783356530174
-4.950028181736024,2.7208349027905743
-3.882463264736088,-3.917984549006885
-3.9883737570627935,-3.940606617995011
-3.9873214506841883,-3.941772295848812
-3.916004120117367,4.950059577133416
-4.723360616111292,1.103193066253032
-4.666671032028198,2.7811244196383904
-4.349545812860847,-3.3432272559154654
-4.210815398556315,-3.9689617370629806
-3.023996054596408,2.0540380478888483
-2.8661201531240064,2.2908297478178063
-4.691481470917592,-0.030355872739740393
-3.0263207212638954,2.0505790369703583
-3.1311902136295533,4.2031184345366315
-4.287121363038806,2.84106238876966
-4.950000594048109,-0.6855033541967426
-3.5324340878273492,-3.93806107808614
-4.89821097815737,-1.8009079966821124
-2.9514815131788588,2.1629040361617906
-4.950086409960482,3.536208519058585
-2.851282214019294,3.6762834483982303
-4.9502135786199615,3.5789768620783
-4.016068848254865,-3.7707740024377365
-4.152620094889677,2.27538856968852
-3.8711856518923624,-3.9249575236531173
-3.9884386438352224,-3.9405343407750575
-3.9873210284253626,-3.9417728146130924
-3.8688361970579788,-3.9274729122935508
-4.1896148341366874,3.8949785501578558
-4.05591820779494,-3.7257983565967705
-4.950041922211683,2.8798293584112766
-4.789510623450878,4.950058163425578
1.78963841636101,-4.950003571249191
-4.004991525855124,-3.8522159434050933
-3.2290109025556815,4.95002501665028
-4.723550508417488,1.1231691637418273
-3.8700390588272633,-3.929551962626027
-4.340475517086788,2.8765720005967497
-4.948649908851461,4.950003623643799
-3.242918649405767,3.9483842398024382
-2.7027617678121394,2.535710691368589
-3.9802896587115106,-3.9498589904936434
-2.9778724272798516,3.417305806249632
-4.324375651508382,3.1982507315556052
-4.950017165874568,2.978703099819067
-3.8825733751714466,-3.9178756383872617
-4.5850338986528785,2.8212344461092047
-3.982421674826836,-3.948149966200725
-3.9874308942457595,-3.9416520060389066
-3.987352670319367,-3.9417393847955022
1.4489718347251306,0.9176822814939655
-1.9039253922166293,3.7341289354873095
-4.931350194571334,1.406626305424018
-4.7179889846908685,2.1153179367554706
-4.950005872522528,2.8484056692181534
-4.950003469895788,1.3133401763896253
-3.8680349218433863,-3.931328025153024
-4.95010375185584,3.272206120790785
-4.950047978147438,3.095471808121893
-4.950108199188928,4.219665639903705
-4.530593496856484,3.456592232855508
-2.8532325010078075,3.86005507722703
-4.139829504538158,3.8240376969128587
-4.028227200533429,-3.8965057331433557
-3.986748352219143,-3.9424106894782645
-4.950032544426571,2.798120860394087
-2.2449099680946243,-3.7341801626476356
-4.522754661501483,3.2896383617564373
-4.277123085705717,-3.4460304884462327
-4.950020062673984,2.8704594958226473
-4.000456966774192,-3.9297468872595958
-3.987176654391267,-3.9419320743498716
-3.987354094501137,-3.9417375460433615
-4.665109336154378,2.379944839148735
-3.8101224628803982,-3.753224013860089
-3.951477758512565,-3.934418739297363
-4.812178338185014,-2.140286687252291
-4.938816280571386,1.3705202825009366
-3.8931195933903457,3.839260965839624
-4.194742740094198,-3.691856066375371
-3.9841040192039223,-3.9453626787876552
-3.034659346919868,2.037916802101789
-3.9803207784292005,-3.949965651640689
-4.656747793594113,2.1892863963588916
-4.0704688317152655,3.132221277114804
-3.9856082394369876,-3.945043759613782
-3.6823821102561647,4.950217306000597
-4.870469798515612,2.2615162334243326
-4.950013433309577,2.785469793100174
-2.261412997782046,-3.322055638277095
-3.9920634813210913,-3.9365362479721973
1.4488266287892742,0.9174839205388884
-3.7867210235278685,4.215451270199029
-4.273729585067949,-3.5755611020406675
-3.982410428606338,-3.947276685324434
-3.9874252124690246,-3.9416590964456892
-4.672333796402158,-2.225598395918009
-4.950001658282662,-1.0993266152214984
-3.985162958832559,-3.9454862577183873
-3.950951361461375,-3.9350034489397974
-4.661763745810387,2.3816167559520474
-4.950101867919536,2.6011575215887577
-4.950050287332427,4.693853438100527
-4.950000411415921,-0.9279601993421382
-4.018922573739242,3.4262704565295037
-2.7995245600351115,2.3908386984871046
-4.767317596678329,-2.217555578356804
-4.950002351073526,-1.2065511157337128
-2.824429952122898,2.3532852941341154
-1.287037996035538,4.6595364987521615
-2.8792908971852103,3.815555005270873
-4.950025729497205,2.8684838959455257
-4.000754040476964,-3.9294345274293647
-4.950006136878107,4.0981337259939465
-4.363959237088992,-3.430075865899855
-4.5673284680629544,2.53801922320503
-4.094547406156142,-3.8196344994974116
-3.985729655178811,-3.9435439665560073
-3.987361468563863,-3.941727631510176
-1.7108814444011613,4.023804464169532
-4.950003598906997,-1.68811594220783
-4.204011113049867,3.053908886743277
-2.530875792042071,2.7933893404936274
-4.299440706040822,-3.7320421390624734
-4.950084961229615,3.678079856979949
-3.5115086597009273,-3.825048089531029
-3.3065907023914276,-0.7213991000079709
-4.950116182556637,3.186242508588081
-3.3388588785295754,-3.9332604206570005
-4.950049801675764,2.182928680412847
-4.597200600849455,-3.2713379992875624
-3.9828943584402503,-3.9467298740149928
-4.81142445616941,0.6155174989252018
-4.051325794070765,-3.707341681855594
-3.9479952126273847,-3.938311465514648
-4.950027891758697,3.321677288695823
-2.7020310940421157,2.536658481901585
-3.930991792454031,-3.401030607736139
-4.950000604959608,-1.0867980619147577
-3.9851640936482218,-3.945485126481792
-3.9873839395715605,-3.941702030212801
-3.9873528986978273,-3.941739077526839
-1.7108815855426258,4.023804002739459
-4.950059715165189,2.953286524497848
-4.154995588607162,3.108203195419864
-2.849690549730359,3.8496594403012816
-4.442471128369501,-3.218095003088713
-3.9852361577856996,-3.9440940857241196
-4.950002225456825,-1.780218686124398
-2.665123088105582,2.5922545888531894
-2.599956481413591,2.6896780507336415
-3.256931538928012,4.950043730348174
-4.682736681737473,4.950041898214822
-4.521567007927102,2.4777490823989132
-4.0960859787536466,3.219381067720461
-3.983791836029628,-3.94571367239608
-3.9873840943561545,-3.941701843995314
1.3249781988220437,0.4101603655570409
-3.1977641359911266,4.9502713461112995
-4.9500000597633775,-0.7621444466679992
-4.323360257025242,-3.1678576326852284
-3.9811525905122247,-3.948721113178149
-3.987433530603174,-3.941648790976086
-3.987352650131869,-3.941739409088986
-3.9873531326284195,-3.941738795920868
-4.265790567196543,-2.6652954754168556
-3.8635518816013708,-3.4991763669610547
-3.886275806878524,3.425995721855277
-4.339669472445044,-3.4693407105725416
-4.186265069893155,2.593837193294357
-3.617625046789865,4.200780706461053
-4.183050583324668,3.027135588631696
-4.950056993236895,3.1597825180202777
2.7949176150769466,-4.923258154190983
-4.233155070126209,-2.0552939437551396
-4.9500613913370906,2.90140696522102
-2.87584211039626,3.76891563036292
-3.0447284284188987,4.646384384974622
-2.768605571027424,2.4372083471572377
-4.212940155568241,-3.96973351128618
-4.104545386490699,3.3708170404024034
-2.9023290046999994,3.820387307421473
-2.3325039432028807,3.514820248480095
-2.9765632099044517,-0.9559389723083662
-4.950000290494639,-1.0270157506136004
-3.98509048501077,-3.9455577874777035
-3.9873843453589926,-3.9417015263966717
-3.987352895530255,-3.9417390813427478
-3.7938242798140527,-3.9152131098014
-3.832354122288065,3.4649019871422855
-4.243564349664754,-3.761831530617481
-4.2647304278751275,-2.6716204430456956
-2.9804648310966635,-0.9541563054984172
-3.883827700951918,-3.469867905871338
-3.982482316701629,-3.9471975399945083
-3.902834860713168,-3.9718966284530453
-3.874259270452923,-3.4945671738632633
-3.7857584373836612,3.2426866298779693
-4.36694936311983,-3.4252436939917414
0.3434064082492777,0.6859647551178937
-2.7697791728258103,2.435467786968611
-3.881785681512106,-3.4730297436508226
-2.7221589704869134,3.5236752761944237
-3.547326779906082,4.180508428078366
-4.318612826168468,-3.5033579826087844
-3.654546032053472,-2.440888492914159
-4.002082301800843,-3.9255144324037246
-4.149710104578995,2.255300365776694
-4.041160152429607,-3.885916905418434
-3.9866162253545046,-3.9425573341081845
-3.987357579787022,-3.9417331543473444
-3.7938241110264226,-3.9152132964307658
-3.0479210509281316,1.9858446999543342
3.4876998334122287,1.505429939082174
-0.9583766958155441,-4.950049276715256
-1.7457245065686164,3.9714359141896494
-4.950000777463742,-0.037375452754983225
-4.419695740202716,3.3410607930494223
-4.950004343763558,1.5984440599696716
-3.806787844923791,3.720653210979419
-3.8567456468771555,3.2738435394279084
-4.950017097983694,2.682396375376355
-4.000185063920475,-3.930034510733024
-3.3053381515913145,-0.6840779567044208
-3.9914444966473215,-3.939125041294157
-4.950010762779248,2.7902143334145038
-4.95005239064087,2.7815164690515957
-2.783664624866929,3.711032071231865
-4.950172504399156,2.2549165372944926
-4.606739657709437,2.7814016652934472
-4.198001750049027,-3.759202042206083
-3.984671519618337,-3.9447270971277777
-3.987380489894842,-3.9417071435581783
-3.987352931607137,-3.9417390379154904
-3.9873531302683554,-3.9417387987585677
-1.0233052177553772,-4.136615825470517
3.489035934102738,1.5153273988269447
-4.950306309372638,2.65497776720705
-3.3866587921778057,2.3650548571693513
-3.9730327433638837,2.4858928328545633
-3.8051357287904723,-3.9123423908771557
