-4.2299608941459885,3.4759711878163997
-4.950006482901393,4.884688010074124
-4.950257656619458,3.9539298557520963
-3.093946486290091,4.080572117470539
-2.801285515974015,2.3871473602673
-4.714042205533569,4.95030576178042
-3.904545705215422,3.9239583693782727
-4.950295282359271,4.1114173768337015
-3.7082143005008277,4.950013882024724
-3.787456511718749,3.3639930579976367
-4.950161758935377,4.375081356268174
-3.100309780194385,4.277506206904913
-3.7343952283870587,4.161047903697046
-4.950317937500583,4.082272423619835
-4.193144390524565,3.61830255603363
-4.598753282138023,2.5608252226158514
-1.0149055878842321,-2.2411610261763055
-4.950074038491439,2.377998446336475
-3.9742586367704553,4.950316228229781
-3.948615667145798,3.1703556139900595
-4.950008784985935,3.126850326714495
-4.5101101215978705,3.5890753957196098
-4.2855020848305,4.950315446379006
-3.575424941639626,4.261939207325709
-2.166131714884809,3.3408719136396647
-4.950052795149745,4.155074501615317
-1.9859688402479594,4.9500136306138565
-3.881865046215713,3.9183083707511197
-4.950115461466902,4.417005059797166
-2.836001738449186,4.950270042576242
-2.6666508042604637,2.5900493501543442
-3.7409945353770526,3.450250985016769
-2.323755778525007,3.104496000296661
-1.755303337540407,4.95039256385428
-4.220552422159096,4.950510429795376
-3.7526316253756122,4.950070643541855
-3.9809322722393157,3.9821946099838583
-4.045635326873718,4.950364894479816
-3.0251126029988016,2.0513316900753384
-2.8151975063638948,2.366991592543058
-2.896779851746114,2.244293810690721
-3.9275512073379364,3.9193024988956977
-3.3041603971600932,3.3062421806157776
-3.844793848052543,4.109995933569395
-4.105426581578962,4.0463886726126255
-4.076868954532362,3.8702763770473587
-1.9867704687795604,3.6098450147983745
-4.950062138480325,3.8384311903802626
-3.9613826496731863,4.9500955124372945
-3.1976288673783184,3.3748912128171673
-4.3264443921733875,4.9502843017332046
-4.950106319640236,4.445976599823611
-3.320866929836663,4.950166757196832
-3.153725830154238,4.950063942317518
-3.281988067869507,4.950557055742595
-3.6377357289348846,3.9136904720928944
-2.692564573892071,4.95031155063673
-2.0820417697755964,3.4668933032872813
-3.0157355632888616,2.066205354067608
-4.950235673530201,4.752258184806139
-3.492397384350638,4.76898116514004
-3.124185746957988,3.0075756118751875
-3.8320887851300816,3.980458482558414
-4.071695210111466,4.950017738646309
-4.950552696316724,3.0480312624024863
-4.950392734797015,3.7372138569324855
-4.950161138424054,4.296072931538491
-4.950043596023008,3.176170660396082
-3.573301660492317,4.950125919527858
-2.2265737857489833,3.250140761093393
-1.7189317747496735,4.011596691186158
-3.0147147026793,2.067913257345487
-4.950255584095543,3.6951856746801406
-4.95006744517669,4.570912699999334
-1.5389282947987413,4.281227848613436
-3.95076442069507,4.11816459883414
0.7418831645879167,-0.2208841068258259
-4.950242420307245,3.924693978923237
-4.261309000385186,4.950128313158675
-3.5762908463250556,4.9505725528890245
-2.4390772825790252,3.4877092324566683
-2.5538344744399204,4.950037810009889
-4.117684650450549,4.950033109791206
-2.350909176114065,4.759743584198418
-4.950054254975103,3.742739101557822
-2.134466527356527,3.388129450538589
-2.3982430666119368,2.9926936156171706
-4.9502056550513736,2.8757228100114403
-4.191212691591381,4.950105748175601
-4.950058766642696,3.6865795628893627
-3.649260876903703,4.950100425634048
-4.950207250004747,4.477995791923312
-2.322368169959255,3.1061513472497753
-1.742487124140241,3.97550727492878
-4.326504343295205,4.950158822076509
-2.9114821789500516,2.222754798655331
-4.950102750264637,4.726509952607185
-2.2483539235413037,4.45855513043987
-3.948412412157584,4.106639298971557
-3.253734220214793,4.030217628277204
-4.4144653210032745,4.533075754539718
-2.189847069657257,3.607267829686065
-1.5904623034873182,4.204397077742414
-1.5373685318311952,4.283349929495124
-4.950182958086578,3.703026836017918
-2.5789737221137248,2.721621779796476
-4.052052992644025,3.8451492582697675
-4.6018838232855845,4.950110762729124
-3.9514760341301565,4.95000720030885
-4.950149750426741,3.704533700978628
-3.0259943202059496,2.0510819851681776
-2.027949191016989,3.5480148026557887
-1.7975883945190665,3.8933230771995193
-1.5090303632554383,4.326439439868985
-4.9500338949081755,3.5003786838125674
-2.9580459662275596,2.152793332881712
-4.950119722190212,4.469912330651176
-3.3772936454702043,4.950333502960889
-2.5684091998446457,4.95011468975228
-2.8958908036315396,2.2457597650044385
-2.374162482127217,3.0286473219067602
-4.950381153677568,1.3198868770137133
-3.5542083098882147,4.037975009961202
-3.910556447463939,4.950205596149696
-2.763168665558391,3.245294829311024
-1.9508703460177903,3.6637854373959553
-3.8255198560577663,3.518641324268046
-4.16632292804237,4.950005304228241
-4.525544274494217,4.950119586203391
-3.266624604717561,4.320191116339822
-2.015348533576494,3.5668806506556887
-3.949563159222931,4.118717812245292
-2.1844285966577197,3.3133193669143046
-2.368758123182957,3.036870174891446
-1.803503263937402,3.884142494612663
-1.7696257104323245,3.9351325581241077
-4.10058835712443,4.950035141816829
-3.2330398658022634,4.677124901312692
-2.6963680296961074,4.950016769282302
-2.274617354692264,3.178179888229996
-4.950020608057137,1.9703524292236168
-3.6801055720078657,4.950052647157077
-2.872078452358362,2.281966709934713
-4.950045555262799,4.122022673699233
-4.950194744036651,2.1417046907756663
-4.487959743607742,3.8636901285169682
-3.0811281380200306,4.950097745161755
-3.7806479823150547,4.9500635343718296
-4.950133806927289,3.4752318115478795
-4.9501039935893045,0.9465966470695516
-2.9787055308858865,2.121837292978178
-4.2535207070371355,4.950093151740543
-2.3473322717093787,3.068949764781716
-2.2679386761654796,4.140537747764184
-3.7393183837463133,4.950018996278373
-4.950050581472626,3.123190874863289
-3.043380802162797,2.0242079452436794
-2.9918082428728354,4.950788126150252
-3.2598077378102674,4.950059839460335
-4.785605086658795,2.572034746521765
-2.630000012708353,2.6449841943781895
-2.878095370024613,2.2728108027559437
-4.95036670987954,4.92570910827492
-2.8081205388061172,2.3776935496018865
-2.9003123658998686,2.2393461250184465
-4.7483227296249755,4.950002913444155
-3.006367470412473,2.0805120440000553
-3.6696791861157583,4.450663555514809
-3.2271746754642248,3.8195789413397248
-4.496052662486286,3.8244616664265823
-2.872256327665052,2.281328600201193
-3.0029074547847814,4.417499533856855
-4.554539320472018,4.086097161196956
-4.9500164441919,4.327754328084751
-4.950068623450148,3.8537473341577355
-4.950134769780045,3.016654004099452
-4.434884488878482,4.497357075572151
-3.9434363724163286,4.950214950260782
-3.0146913781934113,2.0676549345722317
-4.1835896388562555,4.950079599062574
-3.276487848732757,4.950096952583073
-2.7623197601508935,3.7757760758320376
-2.188728066959492,3.306296727584381
-2.4946611151162696,4.9504337567861825
-2.664014049649822,2.59379637367621
-2.6632978558593274,2.5948215868704203
-2.537509841600913,2.783794514994766
-2.8971853430400545,2.244320683744559
-4.950770958070225,4.85134474979123
-4.566059484115149,4.341701269877775
-4.176480864896864,4.950103802356197
-3.0249790460794705,2.052156522679313
-4.079921316814449,4.9500330474539584
-2.7947778252192306,4.950134950203258
-2.9834320122971207,4.240490184111742
-3.98267042722742,4.950126984219164
-2.8606836441949963,2.2990053817540512
-3.778236800822349,4.950443415066271
-4.783620557693037,4.045640370475637
-4.950020910986206,4.174545486260256
-2.341951879062265,3.0769805357245748
-4.9504556496995145,4.897266265488852
-4.636004833401818,4.454994572175852
-3.2658483913139436,4.950090183354589
-2.9401625283136297,2.1798248414993324
-3.609810190376196,4.453779869915876
-2.5335436609751487,2.7891431268931473
-2.7013812408559,2.538051494647117
-2.5386355807063623,2.7817191870200495
-2.526204337838962,2.8006048377692214
-2.9003306040731465,2.2393335592851704
-4.823004333591551,3.6564381673196524
-4.950113620595293,3.724521082285107
-4.517993579702146,3.3120107544858692
-2.9457122587192384,2.1713171081401366
-3.4295887218805996,2.792031444755208
-2.7187967503123645,2.511772868349614
-3.475812110616023,4.950170313208873
-2.9605383155279683,2.1488738099309543
-3.0229895061326126,2.0552974665210795
-4.849211900369954,4.950012222221509
-4.442165257735739,2.6112882317457013
-4.372230214628553,3.517101122385732
-3.02297392212825,2.055064512817443
-2.92019385537046,2.209690558913088
-3.4906408603705836,4.950121467982421
-2.9624114355870206,4.9501556122791825
-3.0488606317963143,1.9900811829187202
-3.436681264498196,4.440133224118216
-2.5396314035875736,2.7804768511359317
-2.525307863832359,2.8017497049991955
-2.5308996842153264,2.7935320139220114
-2.528631625860569,2.7967660870844058
-2.5296294888683057,2.7953182086694333
-2.5288449791564807,2.7966312190430185
-4.950019781945505,4.155280476094898
-4.950123463966793,2.7322726942309927
-2.7312381338755323,2.4928207076371316
-4.1403279931470385,3.9067627252484813
-2.8725318534340545,2.2812144838878172
-2.785876615647162,2.4110340258635614
-2.877685580183839,2.273332134923563
-3.5530179710959846,4.950167626720535
-2.8769139382952726,2.274437481467093
-3.9666142784057477,4.950188900671705
-4.838756925820513,3.5495756366293274
-4.946395923008988,3.83471041496912
-4.818245235097729,3.751234435491487
-2.956028532633135,2.155950655473129
-3.368571208731238,4.950016522246264
-3.7210318094222155,4.9500086629368685
-2.978449786152065,2.12220630492614
-2.6653704900518376,2.591923687786092
-2.537750806624043,2.783412004573027
-2.5268329905424385,2.7997830342079193
-2.53033937410424,2.7944383534801864
-4.95053135005819,3.722493327649411
-2.6998250946727156,3.5495891045320063
-2.8257788317197274,2.3511568467887334
-3.0145524315284855,2.6422065518025257
-2.6322258429654224,2.641443390577916
-2.594580613635592,2.698215938489678
-4.950233891556149,3.551462204036645
-3.5388576567837005,1.9813964572899037
-4.95009640934905,4.196816112471623
-3.0235974631582745,2.0541230284674596
-2.6349918156714107,4.219124569249415
-2.0337658254154234,3.53933878927314
-4.950002144768673,4.152814705493801
-4.352306507304159,2.98602638916652
-2.4127180710237113,2.9708689259096617
-2.509240687659951,2.826059060629689
-4.746291276281086,4.950031250306209
-2.8401418927675848,2.329884594732431
-4.568354328755728,2.6392719059401926
-2.776653699371385,2.42507779017489
-2.7402793973194997,2.479599873953311
-2.5541493208066157,2.758577686855487
-2.5227047356633414,2.8058978460121753
-4.950116301695272,3.699865538606127
-2.6999387693857457,3.5488991378482893
-3.239873899346158,2.4719673739904793
-3.673522978396817,4.950018312996375
-2.503280287968295,2.8348035512227567
-2.5350982991959508,2.7874204367591306
-3.3041175910984837,4.9501317566161225
-2.8465061611226883,2.320336477877143
-2.425773493444888,2.9511599051743116
-3.022913686497481,2.0554783162612607
-3.015271930023502,2.066864299965955
-2.803501865805084,2.384805270619799
-2.8111491283744754,2.373274844798369
-4.950018719988685,3.743737865879324
-4.561162553169164,3.089162498391127
-2.806162787814576,2.380108456178103
-2.6684797927092996,2.5866460916281104
-2.671506289766297,3.5993430999806724
-3.186362872820521,2.567173239735839
-4.533982331415153,2.6498135015304807
-2.659069466312957,2.6006968854195
-2.6797302907145406,2.5702761072964107
-2.6693211890131847,2.5858802243685934
-4.950050419509583,3.4670064441196655
-3.4484062344288042,4.950133623063368
-2.9680725709760165,2.1379385391250723
-3.147316021461145,3.059126690230506
-2.591923537029118,3.4243240497956187
-3.446866118808923,4.950385774004263
-3.241059038454494,2.4556918674939148
-2.0338098816377244,3.5387543165319406
-2.8465394097631718,2.319872190443376
-4.950294788844082,4.63095551213333
-2.615204352229398,2.6671383403602995
-4.950385807026546,3.837633372982485
-3.5212028539586573,4.950186162990562
-2.6549016162165398,2.6076902168485723
-4.950067056108865,3.2667963063475836
-2.7393912683688098,3.017086706977547
-3.031607786887628,2.0424557259614553
-3.69546122641555,4.950040449494298
-1.9521035247553784,3.6619591846937043
-2.6827422247246164,0.4730566523009994
-2.515478844212714,2.816434527089854
-2.580862455674326,2.718825079493197
-3.6326872414201308,0.9591647306191988
-2.691526394874736,2.552693529937255
-3.704240422754463,4.950214654915407
-2.877305102836963,2.2740360224307126
-2.811367517093921,2.738659079075324
-2.78927200319888,4.950259196082847
-3.435337706388991,4.950172911136898
-2.8770594008577204,2.2739877868207996
-3.670961601003269,2.0308069643469477
-3.2496897117526875,4.950101905840697
-3.570873641811339,4.950382669220386
-4.415645040285868,3.3577957987988234
-2.9117611407600417,2.222328268893196
-3.4040977792901526,3.1259591627672387
-2.9768537141378717,2.124546117911464
-2.3412725608433944,3.0781625800893306
-3.92433403768438,4.950242172803072
-3.681652366831936,2.3729173405509845
-2.158262856139564,3.3524591167964815
-3.6920557526550364,4.950072069663375
-2.8289429370380215,2.345957088341408
-2.619071043596518,2.661503152235876
-2.5147735755200125,2.817400436976391
-2.583696624163408,2.7142398214193095
-2.5233474432898957,2.8047607580288125
-2.3148905215212636,3.587974293759978
-2.970537870661151,2.133740220077158
-3.049559720819481,2.0055864828816437
-4.950068474936432,2.37180886087736
-3.1201732183310202,4.950125304820344
-3.83339469604144,4.950132364788753
-3.2660523630172973,4.538772933336593
-4.950003619016541,3.8230168619789544
-2.587020488031777,2.7090947140609476
-3.614700594594186,4.950320203966935
-2.6133022203173515,2.669956229433011
-2.395236618098908,4.9501424601983715
-4.950275121890765,3.48047820510347
-2.661742637815234,2.597162669515909
-2.2938458182074903,3.1490330490259786
-2.729892033660391,3.8445352870713374
-4.016463372651868,3.9463902779804036
-3.807190975586149,4.950323854801067
-2.674874077251453,2.5773498409619484
-2.5640049447413036,2.895708700221892
-2.6310004383492167,2.6434707485447912
-2.6497922547582315,2.6154185581467297
-3.003097974163177,3.590026226502039
-3.463545123729731,4.950156228865731
-2.843633280774932,4.950001603254259
-2.6462990495596967,3.415689315884107
-2.5190267503841306,2.811218647711401
-2.480059462082051,3.4618578485427673
-2.5914839946930837,3.916690518644894
-2.937008761308735,2.183821397328421
-3.666975996353608,2.6871606873964513
-2.7197417303636664,2.5105163501871464
-2.258065851976791,3.5959914593434235
-3.7069088904141014,4.950085041181804
-2.4122785584779756,3.061663104485439
-3.046700656005734,2.017427422896359
-3.0343702737740776,2.038537862705924
-2.080990378143881,3.7692481940419973
-2.634590032086511,2.638157435706324
-2.7099466121440714,2.5246557871372732
-2.2913527310495327,3.2784120992027486
-3.0478870612676303,2.014034836579996
-2.6369494499122177,2.6344665427846037
-2.64016332012464,2.629346777448512
-2.7316258229313672,2.4920371669147765
-3.9009605775006406,3.7735633430410513
-3.1520637060286143,4.950315059538185
-3.1633525294519793,4.950036809806811
-4.11937436346681,3.9212314402910375
-2.902608617559046,2.236169558719882
-2.939814998822376,2.1801554414187714
-2.9190120558665185,2.210986926405224
-2.099260723224606,3.440882686642578
-2.8037977728124877,2.5484724260631384
-3.2209421385813606,2.7901785929827576
-4.95014382491165,2.8631766343828815
-3.0124463705373543,2.07124943429549
-3.1656192073833953,4.11232075007176
-2.9215819819364026,4.950145443004764
-2.9235537260322784,3.513270382260435
-3.4223093163936396,3.8204225916956127
-3.778663531240319,4.349424054639494
-2.722859629638785,2.5055604507881104
-3.058469008395553,4.0558104211078145
-2.2952199204815695,3.1471299744964143
-2.6476079733968367,2.618674655801342
-2.511828281333882,2.8223908144355154
-2.77247068199036,2.4309346301284016
-4.0804372073095765,3.92673823141142
-2.562870350736554,2.745278774058952
-3.6263453178612077,3.942968882585142
-2.366814010372018,4.60072321401029
-3.889026585467776,4.143532523507265
-2.8198855229811985,2.360300286391484
-3.065243336672468,3.326818124621344
-3.745333647128529,4.950371203439987
-3.0634569628703416,1.9335543268970534
-2.7734293893334874,3.71388573634608
-4.240003569956707,3.787738096341342
-3.9880290223461863,3.8187450703935064
-3.9974862778149394,4.140707391055365
-4.160711504050937,3.6845551599723203
-2.945767238872687,3.3339391550861763
-2.621249185182137,2.658017215404411
-4.011135832033475,4.0328204736476625
-2.8687318053358295,2.286735447907619
-2.831938014083444,2.341532702572449
-2.7066213081138653,2.529986061721233
-2.5478042960221985,2.768331640949052
-2.644626226429064,2.622954954044995
-2.5733797882645884,2.729666954998032
-4.063446247077078,3.915775643220697
-3.7503178952115483,4.139885203350008
-2.9921393193550023,2.1016781227829013
-2.5441022750509537,4.651912752053849
-2.5644030418688404,2.7431833362865152
-2.9318485828073158,2.420969903354027
-2.6693528062849827,2.585882501790277
-3.2381478700826034,2.9477626368101024
-4.761665252037693,4.950157098263141
-4.005123585795485,3.7262087333591913
-3.9760799685344157,4.46674090129327
-2.602256538149171,2.6863553407337837
-2.9125690871724976,2.2207869461065513
-4.008491484483932,4.021723489292332
-4.950010218917689,2.5893918542045715
-2.5436077597695252,2.774690409916109
-4.161657770606964,3.8888275389054656
-3.8600903495394565,4.950328559795132
-2.7658136622704657,3.854684303543895
-2.462660819136516,2.8958334614508705
-2.653075997268763,2.6105201057907568
-2.520080207520728,2.8096098051779834
-2.573233495863862,2.7301748026508195
-2.7796777837990145,2.42056508987212
-4.044341624150317,3.8924313117089477
-4.079609932499898,4.950314470488824
-3.184378202506708,4.347598851547054
-3.3706001543560586,4.950235266084446
-3.935192792337414,4.950007223675289
-3.8177585024108427,4.144460574911153
-4.234477215403247,4.020415335007397
-3.00115365110006,2.0882483832011918
-2.3044734318484945,3.133153765567663
-4.362090733671343,3.716801105837267
-2.7289810250660698,3.3750757162361142
-3.976149440030326,4.204264179848894
-3.750285594850149,4.169088784046965
-4.666464158065518,2.5038434863621477
-3.8197289035230924,4.021683996440481
-2.416234609502305,2.965153305308376
-2.9815103415497033,2.1177140715644853
-2.8453956140414194,2.3217576474336807
-2.956792619755873,2.154792571255563
-2.628656901255519,2.6471117279941327
-2.5168331925274345,2.814629521100228
-2.576970002356486,2.724481094738798
-3.2999936371003047,2.9554815478347596
-2.5322759187641255,2.791069974597771
-3.6469135620898867,4.266721813682554
-2.572886569553545,2.7304799489310905
-4.9500341055481725,3.5552944728217026
-3.979390361296441,3.9797557172842395
-4.048419025584743,4.950196536739119
-4.446015752491954,3.156308442351384
-2.662947479890015,4.643825107093821
-3.6504710546490915,4.2379109784562266
-3.535222948534856,4.950255763464174
-3.050096451750245,4.255944798596653
-1.9355295055633879,3.8861394685965354
-2.612526717355184,2.6707459468544723
-3.579827383976066,3.3024827234195198
-2.872426120076047,2.281097060888102
-3.1733195236508642,2.1922869862520833
-2.55236178412027,2.7611690326630334
-4.287212021492764,4.95009945775539
-4.950056648848906,-2.699071458182207
-2.555242509847768,2.757059361716565
-2.572321711623646,2.7312848891261394
-2.566241095137832,2.7403893927379865
-2.677269097245259,2.574161297429484
-2.5552146512443437,2.756792522579753
-2.911575934517041,2.2226892800404654
-2.8804528463223527,2.2694160889366914
-3.864329963653825,4.95031321754507
-2.7712084739830676,2.4331757504696863
-2.7494228521197948,2.4657393438669675
-2.649375957046401,3.5553128212110345
-2.357368069769909,3.053832582058221
-3.980439921616693,4.264417612379541
-3.4016858460036783,1.732394653452958
-2.7389002996646084,2.481734512853813
-3.597639469595369,4.240069122333879
-3.1044425554375312,2.4065891546196037
-3.76719810085073,4.183481696216351
-2.904108796731944,2.2336723759755914
-2.7223884044858346,2.506367298634225
-2.5657983223630727,2.7409435961338118
-3.767783307425396,4.950166131807162
-3.5114571777663737,3.399503261829781
-2.783339160583647,2.4151145815495227
-2.554722475402285,2.757593625428507
-2.490613747223156,2.854073055227762
-3.3751828148984635,4.9500694726919425
-2.857004078445606,4.950170814083673
-2.960790309801409,2.1486035341380743
-2.9362200304127026,2.1857671926885938
-2.735789144463186,2.4860762712484106
-2.877181007898603,2.273793345306954
-2.651308001876046,2.6130678149576574
-4.950099051101182,3.518547839615581
-4.44903182355123,4.950071446815482
-3.035507150930799,2.036811032811871
-4.013894689190628,4.950057475274034
-2.872929685074607,2.2804632582678503
-2.8810199544138255,2.2685324897691492
-2.5545301847341877,2.757845725631157
-2.5733557802863785,2.729991092371364
-2.581900753282187,2.7169940280480427
-3.927963005389995,4.95020307031907
-2.8839517332578053,2.2640459763933767
-3.5819937180248664,4.9500011079774495
-2.9613756632912276,2.1476317798083606
-2.5745910935037797,2.7278647369107323
-2.5654061065762432,2.741616479840476
-2.584618185357071,2.7130756703869725
-1.536055090748076,4.285850184403053
-2.271839040712363,3.8067286524521813
-2.937727499671237,2.858834055218156
-3.0362825938765345,2.035504900777376
-2.908680316525933,2.2269530087922322
-2.4947731149529253,2.847674445476211
-2.486614467240742,2.8598706065439767
-2.705716902751053,2.9932102116521055
-4.950170196049305,3.928090726979325
-2.729222490829871,2.4960466568226423
-2.562122412657024,2.746441403249756
-2.8659702808536607,2.2911257167466967
-2.5836906915112734,4.9500011418429715
-2.0045964947563144,3.5830431089184924
-2.757533694099706,2.4535881841799028
-4.950183124814394,3.173571699764913
-2.1182919251661803,3.4126462523362626
-1.873674540590573,3.779332205141247
-2.792579296372232,4.9500225781315965
-4.730481923974939,2.3466095662085014
-2.8889045347715627,2.256317756902687
-2.5786794798824046,2.721955641961844
-2.5646839538339674,2.7427223480146385
-4.4215412101668035,3.695722950312354
-2.833192465952503,2.3399162859457068
4.9501148612773225,3.8559486735281845
-2.989583821842791,2.1055389680776733
-4.394017609190431,3.8585462281074108
-3.59246880495978,2.543966020135986
-2.856407325814703,3.380399234573127
-3.0208379945981974,2.058752554244411
-3.021635070518643,2.0572536127313406
-3.895660400647202,4.950008936879842
-2.1114037937623746,3.8830515254403544
-1.3673682004663195,4.539057607953311
-2.933529036251468,4.950024810111682
-2.9625951857460726,2.1458568194057204
-2.6376487515313047,2.6335993562883786
-2.8679443326613114,2.287932109936754
-4.189263104627728,3.7390793771002553
-2.5693522978932792,2.735674576613764
-3.3775726544985343,2.2666069515004823
-4.9500324763141235,4.685881361619723
-2.6581168323805877,2.602756349587663
-2.5598083152345206,2.7504042110767664
4.9500495393241435,3.856395536723863
-2.8136055094272723,2.3696094604513616
-3.6767584929906,4.95005939859627
0.5743475168005435,-4.9501139272933035
-2.6545783413188677,2.871552712407072
-2.670244297929054,4.08647505382286
-4.41612308506852,3.730655953837453
-2.598262908406593,2.6924052016416575
-2.6418892186877794,2.6272660307799773
-3.7482736064644073,4.950255104843442
-2.0800474070824615,3.9772537535956656
-4.329302600816366,3.7737221248299373
4.950124256876342,3.848040287734477
-2.7967630433765893,2.394867122589592
-3.2277942151956243,4.950186162641086
-4.373186108313675,0.655703633849256
-4.2581409951113685,3.8580052068286643
-2.560602136416391,2.748829620096718
-2.5698761015068308,2.7352608785556884
-4.950020499049766,3.706132181273254
-3.959727945268451,4.950199842623335
-3.6336892028049887,4.95003521103592
-1.8787269448127175,3.771714728752393
0.5643257759542325,-4.950037889408766
-2.1993221895383046,3.290703599413928
-1.368182847164039,4.537449771620452
-4.950086315728239,3.7608815675093408
-2.1323638477878837,3.8651298233829063
-1.6954341065489718,4.046678382225432
-2.5695183941028867,2.735643475252648
-2.4856614483088797,4.046488624375967
-3.998934613764217,3.870323118400206
-2.6596931521911666,2.600474213897221
0.6198492462767317,-4.950073977714735
-3.301646593208228,4.950154198468806
-3.646436562074326,4.9501834770754645
-3.40474052576444,4.950277144692561
0.5997553595325095,-4.95009927064374
-2.6475429358694234,2.6187624144621577
-3.6223503152763037,4.950184459690095
-1.708005757784968,-1.8014245262773678
-3.380099084721196,4.9501041612802785
-2.8540659189169766,2.309003607073098
-4.950216313221349,-3.705105709059201
-4.161729442186981,4.950010016361465
0.6006013544760007,-4.9500071304904125
-2.565045474312444,2.742208655593268
-3.726530550054958,4.950021984013008
-4.950060467555423,-3.76184509188675
-4.510908256711946,4.95016998621382
-4.950034365917265,-2.4928174365438105
-3.676140373435577,4.185527684193789
-3.55159701048495,4.135399715181104
-4.008079832618145,3.4582513477929337
-4.083770883497158,3.444466889457219
-2.1393799730260388,3.8797943169654503
-2.317367057097392,3.1480560063741954
0.3741217664542789,-4.950034125923664
-3.3041454942189734,2.565734658755145
-4.514575958166809,4.950066722478222
-2.268207042962799,3.1875180577633624
4.950060478322967,3.856458307254222
-2.8488175409657823,2.316805326123849
0.5643397228685348,-4.950099567636472
-2.460139955775505,2.8996754537380327
-1.289427889685792,3.088827993836766
-1.8490949237938885,3.8162809571391323
0.38403928719427655,-4.950055453436197
0.5689477211856423,-4.950005833125278
0.5710894396938715,-4.950052844487223
0.5708323020597652,-4.950007597284478
-3.8342635848469016,4.950259241933953
-4.9501208424929635,-3.4551138110238564
-4.950042475944808,4.011570681075971
-4.099396944815067,4.950114992037161
-2.124001118992742,3.4039868318851725
-4.950117817483267,-2.1668046511257333
-0.2281470470786363,2.5582906925107136
-1.4452735829712795,4.421991001198322
-3.836585123370624,4.950123744508809
-2.904021352083176,2.6639591373335803
-3.998135442722093,4.95018744734328
-4.950206566877626,-3.6508964653171323
-4.274439410188781,4.950125058365428
0.6850894708623988,-4.950010575442122
-4.950211187685792,1.848503028654537
-0.603020635293562,-4.520025942348503
0.5748694006904308,-4.950057939558096
0.570513442242438,-4.950038737488425
-1.3493018794864096,4.5661013518056555
-4.3354500727673955,4.950106053946323
0.5981952278732555,-4.950013438787047
0.6521085018802957,-4.950039439761411
-4.950124362498479,-4.467341226414917
-4.321736477537308,4.950120534226786
-3.790876710582037,3.984276153575042
-3.539132072377127,4.096761188954577
-4.950146607097898,2.5661165242591712
-4.056838877173247,4.9500903607126965
-1.8037206829919703,3.8842707440590716
-4.950179562590259,3.2718161327344584
-4.050709903319053,4.950156206089485
-4.950217230414202,-4.053988039259451
-4.3446354623902055,4.950135144498752
-3.1526308454563927,4.950189430399807
0.5822572764374246,-4.95001389467274
-0.13080103530439516,-4.92885822290156
-3.5724359500954375,4.95001217097346
-4.338303550723249,4.950139500004553
-1.8060924068652497,3.8806552602527353
-4.950077821194379,3.474093339703603
-4.950229146543617,-3.6547117875084556
-4.122480704346563,4.950316155595207
0.6015509723803043,-4.950134436772347
0.5688193199455321,-4.950060536059109
0.6560997273854775,-4.950021392164524
-3.710760161507116,3.9475809933042534
-3.682336593213015,4.950240121884685
-3.7076395288802027,4.195382344857874
-4.252251933215363,4.950289313683409
-4.95024210807383,-3.9434715275389807
-4.500134131454867,4.950167240308124
-3.503750283177338,4.104315883529109
-4.950080798883632,3.9076210514496386
-2.294276044528604,1.573280084143719
-3.873588685396141,3.9721123784375822
-4.278278563106727,4.950180425905551
-2.626244931563816,4.950005078127006
-3.7946764939579163,3.982435643511088
-4.950064014135797,2.943481944082802
-3.7777408050608137,4.950114822253908
-4.394639679811704,1.8567745501229074
-4.667042309170594,4.950317955772221
0.6894982272595015,-4.9501346567631295
-3.1578364453388708,2.7994838661394312
-3.4962239197298555,4.089191290778549
0.5653848732916027,-4.950120802939076
0.6562103457793357,-4.950049501036865
0.6509784107218021,-4.950124982199065
0.5891170610070081,-4.950115712527453
0.5702674443799545,-4.950021657771323
-3.6881462655673567,3.938777139003379
-4.950301541181369,4.17724654202998
0.6901180940573755,-4.950024816045461
-3.3999660506728935,4.159068691692656
-2.3390580343576,3.081131352749408
0.5665999317283176,-4.950062892111711
-2.1029481809667874,3.435502660622038
0.5646558597472007,-4.950016999592458
-4.950275287144084,-3.558416956401559
-3.714055792610317,3.9456003587167654
-4.950105429739689,3.550832864650422
-4.950082595798065,3.437338338614048
-2.2609336662351582,3.1987096564085875
-3.7076096957083546,3.9540180386258994
-3.7142782137575336,3.945462700553648
-3.7169784094754665,3.9421827075808737
-1.863920169717175,3.6141417150944175
-4.439753250489559,4.95011147902692
0.6850922098133619,-4.950131601403313
0.6497193447208568,-4.950063875480442
0.6512252476825193,-4.950023339515511
-3.757281284583622,-1.8843863152699438
-4.950055408294773,-2.5444708580019837
-4.950041074221814,4.241749351717451
-3.974169577936247,4.950041197633435
-2.176190383987885,3.325715117325367
3.9395568375079772,1.8786108584820393
-4.950008851174996,-3.8458629158809354
-4.950189188422857,1.2113848681675552
-4.950172162411326,2.557652895531438
-4.488746266197879,4.950017295277376
-3.293898448916302,4.950105284743566
-2.362301981922674,-4.950177551452779
-3.743651932433831,-1.91773972048876
0.6010406066300183,-4.950108075480743
-3.45255915510365,4.950064435556011
-4.172301445316772,4.950209100720019
0.6902378331621911,-4.950141890192216
-3.46730616026636,3.353131387749221
-4.950113326198304,3.820006171870186
-4.420767529266911,2.450409496300622
0.6950718547954865,-4.950103202478579
0.6495199281417307,-4.95012554244706
0.6513505879969478,-4.95006790453676
-0.002080903351261643,-4.950151107226782
-4.95022136103499,-2.5062180897352304
-1.6936317566580124,3.8697176244699656
-4.474621217125747,4.950131883332282
-1.0713979660009896,0.052263004131513704
0.4567453829562456,-4.934139951804519
-4.950165467697947,-3.322798848399717
-2.0615447070395567,-4.9500652543791706
0.3894839550481453,-4.950088968672141
0.4982893423183663,-4.950064253681308
0.6568154421494103,-4.950108570430498
-1.6283605532878132,4.147591815063597
-1.8870419000603291,-4.950159064010979
-3.704037807877855,-1.8448307529262014
-3.8814790845747495,4.148077799170375
-1.1478085635596158,4.868219751927943
-4.950052698906128,-2.8845218318937977
-4.950128321147439,4.2867925485628575
-3.8720892813315735,3.875261869221152
4.950010126440699,3.4072691921574907
0.6235427185792127,-4.9500238927897495
0.6562778268836615,-4.95010393046572
0.650947073227186,-4.950111638318314
-2.3725659793342904,3.0311731097229195
0.6228749751573915,-4.950112718603923
-3.656321669859131,1.425174271800708
-4.950168163267673,-2.650690730191451
-4.950185051322559,3.4763125670885566
-4.950028498794606,3.3027646303730736
-4.9500525787611815,3.9455090568672855
-4.1743527022145415,4.950068578286668
-4.950268456765426,-2.4841185358145235
4.950143962434863,3.443207267749709
-4.0948898446824336,3.25207874341755
-3.9270250175631936,4.08623201353111
0.6555680023491177,-4.950075694094124
-4.6710305120207005,3.4124027489907167
-4.941197485963209,4.950029538355541
-4.156720621211066,3.6693479857292397
-3.2077016531493894,-0.6906140704955988
-2.1405715067310678,3.3791718082547755
-2.037139581219128,1.2315734911177365
-4.950217453721674,-3.2231326306954835
-4.338996053332217,4.950214061516869
0.6862369633107861,-4.950073586539368
0.6496559360520527,-4.950058656929315
0.6511862445560793,-4.950006966573127
-4.294428806000169,2.189876131720377
-3.6823783608396137,1.8777760001453105
-4.410490792999192,4.9500912805719475
-3.9348636448058953,3.907018434152996
0.6730965300774896,-4.9500472911919715
-3.734419412052065,4.148368706220611
0.6968860748564645,-4.950016522699543
0.014775143029123356,0.7580794472759619
-4.95001691540332,3.9350160692566036
-4.667466621646565,4.95002653696205
0.6576220584000662,-4.950003331218689
0.650044635708071,-4.950067180857117
0.6513740147308331,-4.950113186035423
-4.019668642400632,-0.3492236740276347
-4.950055665704941,-2.782939964127898
-4.511874584250577,4.9500512160404915
-3.7391450843330314,4.259965231415776
-1.4855770487166315,4.3612978615228
-4.950166225530658,-3.722932501221687
-4.324826075303596,4.950159905090876
0.6865997095467067,-4.950127461776836
0.6498314098909681,-4.950140078420466
-4.4027619679277255,1.7380913768377535
-2.4705306790449097,4.496345395723191
-3.778661232580002,-1.4320323789540021
-3.6422602540126823,1.5371752324612276
-4.2934899290596045,2.1934313707789013
0.06794778668499407,-4.9037103251045195
0.69325123169254,-4.950140935645941
-3.1614528642259994,4.416342692356914
0.693314535478789,-4.950003889087848
-4.950036635578512,-3.418514608544429
-4.95016714074139,4.042732211011186
-4.320934770085054,1.5018926506072479
-4.545907654883348,4.950100968261183
-1.1511440005111957,4.863337086644253
-4.116206511950019,2.443680381270752
-3.485157174102305,4.364183354105464
-4.472744652595825,4.06581807688433
-4.950170271571648,3.1091238290368755
-4.0389572270686225,4.950045815043025
-3.975499727916918,2.322615160201975
-4.950146489627118,4.083070245727795
-4.0708624828978115,4.950193042501384
0.6911311162794823,-4.950104496103221
-2.751731206461031,4.4544538380408385
-3.84804952829098,4.002972496597156
-2.4760238897133813,4.612883478750185
-2.5708445180499857,2.009218029646834
-4.136790186218382,2.251276270148021
-2.8775162914138512,2.0936726950679385
-4.671430060966466,4.9502252979226355
-3.2965536101855157,-1.3917880342805988
-2.609399763100518,4.375565709381481
-2.6078551546779467,4.449212928580031
-4.420202264481732,1.7205763731264307
-3.137796109952867,-1.1810054778729673
-3.2568870523252778,-0.9563468120584854
-4.4215018976605345,1.6298554852375944
-4.950208366646645,-3.1654660636350176
-3.814523914697013,-0.045325878140259346
-4.04346453385732,-4.950111320447307
-3.752717633952366,-1.3430865680883635
-2.734790557230653,2.1648920349518384
-3.155545872214564,-1.2146141293358654
-3.272027383631636,-1.3656270537689108
-3.291536681434404,-1.3866139392108072
0.6912380868823843,-4.950154923963212
-2.8011402348970784,2.7033405741401695
-4.381621215323164,4.950021021859148
-4.950079335133463,4.564182569955986
-3.793332915146669,3.4893599449243355
-1.6142706671713816,0.21631558600903597
-2.924642902881511,2.023041491560884
-2.8481633051938307,-0.2634976529841711
-3.453798081645133,4.932328844536697
-2.598346244883324,4.459160450811904
-4.950113470308814,-3.5802939918028542
-2.92766282495117,2.018502106244409
-4.458995336397605,0.72679984418704
-2.611298521279326,4.514220990171045
-4.950192953155149,4.499347133292811
-3.1723085742791266,4.950123258641402
-2.757324035917056,4.3678602209160005
-2.8594811680991694,4.507332603709877
4.58724727253101,4.552552146699767
-2.5769734225066343,4.498385731107415
-3.9024999798222058,4.189925680073871
-2.4044951356468176,2.9830692974891093
-1.2893535173512645,0.25143541408588965
0.696882001643363,-4.950017817841657
-3.5049782949856256,-1.5289113205130382
-4.047168785096944,3.675698373701838
-3.42569475030529,-0.9776564178310244
-3.2355444255066463,4.360352897608989
-4.95007619061266,4.186857647931155
-4.002436655650371,-2.0574877201141577
-2.819057534872444,3.807310172525534
-3.754709529505954,3.485623241846255
-2.8037713245456897,2.7353508245365745
-2.578777446678162,4.369576878566181
-3.4473674992803223,-0.3695440572145439
-2.6600701518051726,2.59998882968032
-4.1772363326064275,-3.4994536549320747
-3.7582336135234264,3.4107842421213106
-3.3671794403947373,-1.4561375187615722
-3.7404963831721827,3.485440604495441
3.4114528178740344,3.882446617433002
-4.950055476952147,1.7989374671575373
-4.105766293871516,2.7424078574133923
-2.513677716187578,3.9662751061163304
-2.9878002463431055,-0.4600673125619743
-1.9983283082110537,3.592541120731381
3.982345358208705,1.9209759967967033
-2.9710136275572387,1.9594084874714095
-4.950068422149321,-3.189437412761555
-4.950124963696586,-3.2625306045202875
-3.118493706298696,-1.139312871144003
-3.718214534140693,4.828455641652093
-4.070908814730135,3.6071143301990056
-3.8513287693018827,-1.3283715775205647
-2.9529234210010262,1.9808826960445873
-3.844402936181278,4.950039328424095
-1.914266195945401,3.7183976266917664
-3.453064275266678,4.620334609607432
-3.1130137861384397,-3.1922670806687914
-3.6915254245287166,4.7268419990621355
-4.133415695750324,-1.8688808875335892
4.854290925756112,3.200636534670062
4.465096952617381,1.5233581213195857
-4.950293449179217,-2.9106403393780145
-4.950161241316462,3.99972029886774
-4.036802951556153,3.5198651516231187
-4.2268110539043455,3.4953574106869967
4.939501288152943,3.6247953810804066
3.9343856225728513,1.8735398937850845
-4.9501228229567795,3.559157543205741
0.3273686891159329,0.2880095051023152
-4.950021545061419,-3.1881373220432896
-4.414580511211997,1.7127817848231914
-4.950089035410186,-3.24695665778882
-3.399061655703717,4.906167710997006
1.365451269585079,0.1595439670088528
-2.637552200876808,3.798379311712838
-4.29962135577855,2.0567936674381087
-3.237725613401891,-0.8810103910206997
-4.95002135668896,-3.1896354081706244
-3.5993004278481435,2.023080380829115
-4.950030132009326,3.112385720620013
-3.3771351165027585,-0.9488224916009067
-4.950069705245885,3.322752000958869
-1.5409708182977175,-3.7411977870450044
-4.950164076128216,1.6815040094418603
-4.3679701306124175,4.950111971271966
0.43713970443863204,-4.950186491953986
-3.1888700974453883,1.6008152651555727
-4.392688360161114,4.950007908068933
0.9687283352239864,0.39241303093840146
0.6969275873631933,-4.950091129869891
1.3622524244963778,0.1707523862204484
-4.950077701664688,-4.003610246555843
-4.14113939636405,4.950147152664828
-3.4474365637528823,4.950015489778634
-4.9500635154229915,1.4699521584609618
-2.832287417841696,2.161688867107137
-3.3173505580039384,4.1297629790412165
-1.8008187743036885,3.8886607678558334
-2.240475789454084,-4.4082780633299645
0.7323074261078893,0.43608213008230173
-3.968837741026558,1.2008868055210338
-1.8257399459843997,3.8513768699047777
-4.950068396900395,1.6527943320357232
4.420306074914543,3.571106579959187
-4.312399047844691,1.7406792214674207
-3.85285600838431,4.950060326317285
-4.054750075122263,1.331156332605351
0.690640063293875,-4.950042273625298
-2.1294394188165695,3.3958385330487313
-2.8223489237188035,2.356514934743801
-4.950078325907531,1.6025688724429692
0.7102065010325995,0.43143784670453117
0.9419293063714981,0.38730161436711985
1.2934795479914958,0.2854659787688616
0.6265137533222322,-4.95005483256475
-2.849703597258963,2.315493545543314
3.9037117415312013,1.0194565278959988
1.370156776958017,0.117415457625199
1.87061041485456,4.950291797628616
-4.950140603158223,1.5129022954842941
-4.9500007624336035,1.353683957809352
-4.9500148068780145,2.3044001543835093
-3.9397737764789262,4.950128074833515
-1.929427458379099,3.6958354630957015
-4.950127815735301,1.6200836726524626
-4.950057030267204,3.4261219098909286
-4.950078426811067,1.8872361095949852
-3.1435554081022556,3.843432968338305
-4.913856219740391,3.8566627696159443
-4.950000143387543,-1.836774243890568
1.7765064481606896,0.6071006873238264
-4.104677493842139,3.828789898574624
-4.950092328145363,1.6172667271305312
-4.226354608589218,4.950219175859804
1.1021993490571043,0.36002378490527587
1.5590247043536538,0.5462140345698997
3.7143158909129754,2.8564045232554514
-3.2454662181808422,-0.5835535426625414
-0.13791367336766103,-4.691670611475207
3.8994937736122774,1.6320878812491832
-4.950088466739745,3.1478808244825536
0.14490664428459998,0.2713932052638806
-2.585439709614113,2.711850359030494
-4.950055053435438,2.0871439350463104
4.950012481078149,3.693973325260136
-4.950116104922956,3.7607734167337066
-1.5546464712841617,-0.5160603927562218
-3.521696424482753,1.1413790909363428
2.3947839335926,-1.1354252445580624
-2.995519682270393,2.0966952089549733
3.668998324440313,2.9986798610282777
-3.9075851120972436,4.100228745267483
-3.1229865745005982,1.6189806336095975
0.7399126596845729,0.43779775602637133
0.94083322688118,0.38706072170348005
3.2435525875422555,3.5503678055011245
-2.4125254680685355,-0.3002440853281978
1.3918084764547567,0.5011015610862035
3.71653692597573,2.8485840080435314
2.40042791939921,-1.0695980199526072
3.9057585739007155,1.0387369684348084
3.9051811018482883,1.0328267483292672
-3.26049950801865,3.986559773914833
0.8376859674086943,0.3796057895383184
-1.4892670057573685,-4.560408646799605
-4.171962020064431,3.5391748381475403
-2.677683871847117,2.573364422141265
1.7726153831209133,0.6060627580717192
-3.4800591528947162,3.8382233864978366
3.14500543104275,3.8184784487020234
0.4455383029313069,-4.950012261934276
-2.699233997110989,0.29366864766317774
1.2231824917997098,0.325376093337902
-3.0065902028569353,2.079903797567074
-1.6445445710191542,4.123159799365644
-3.2564325985438605,-0.5659846945408676
-2.0964332866702695,-0.24870686418851537
-2.922257350509537,-0.29488673943551397
-3.592695193234535,3.7164872282633956
-4.338129630358874,4.950048677484985
3.644695283054182,3.0729364600949176
3.904812130251782,1.165225010997892
2.3954610989796876,-1.12489969405376
3.9056807964342877,1.0380811102857208
-2.6464190565608177,-0.0323125290498711
3.3788928884214107,3.768860067575937
-4.223546018716008,3.9183272652768
-3.6733845110934067,4.950065912995752
3.9914098773483926,2.190547568602462
-4.950161024405408,2.502114591768491
3.3611065814535754,3.523490637353516
-4.950213712637271,3.764371773195694
3.7216622953658365,0.03317489185313616
2.425254233778802,1.5581120248869578
-2.5792522240088536,0.4448092101986394
-2.100962653441964,3.4386003028853325
-3.5016322407755207,4.71848998059691
-0.21265316759576225,0.1232798488031242
-3.0078069004071186,2.0782388957419684
-3.5089992057559676,1.7722627175574832
4.647891701117333,3.171687339213687
3.9992872676614235,1.599075932577551
1.7717902201772047,0.6056911409478555
3.7140811628309596,2.857146289483162
2.4008447349627624,-1.0686729026917874
3.637792788837661,-0.1428015350546276
2.412097971302203,-0.8655233043484826
2.9959347767896727,-0.7085655932761719
-4.043924828317588,3.7860990900723817
-4.101098512020367,2.760793115087539
-3.8653818314742696,2.340988804993977
-4.438708316184669,3.6347955328369372
-4.950126612828973,1.2712803697111095
-3.5002716436465517,0.9311371309528471
-4.190980723261091,2.8925054650395836
-3.8271067305598474,3.3202453749328624
-3.5061577380178943,4.950031374955518
-2.556687103060238,2.754893450631409
3.90755032512229,1.0546191971782668
-4.084115318460389,4.164461343042879
2.25670862608725,3.694509503688818
-4.588940061311752,4.1329994878140495
3.8001373554117674,0.41869255735447686
3.848644427752534,0.5660308081240992
1.5793722562731094,-1.9011964976739713
-4.010689404611649,1.733003784525284
2.6084901636623825,0.11896012604434762
3.6407871141173453,-0.1383428712266327
3.1965822181895094,-0.38963047751950836
-4.9502444763123705,3.6887954800266707
3.916803786761339,1.0942069154383676
-3.922496216486643,3.708465844720113
-4.690556371885059,4.950036701219397
2.6506136218219356,0.2565032274878402
-3.4666336815677203,3.528297946244025
3.9958170865222473,2.9204029458191845
3.702188582127464,0.014871923915266986
-1.5527341440169233,-3.4596368843246244
-3.0865239592013123,1.0189443028502847
2.381438009210782,-1.16910462504797
-4.269413169740698,3.5181713767182705
-3.7732579584830677,4.104926933955314
-3.7768691747563485,3.3308360880811123
-3.713215543380947,4.950136865688002
3.942142888778925,2.27285978378418
3.91232721555009,1.1051685305673324
3.1108506443110895,1.4656836697923146
-2.8692971198165464,2.106047669638634
3.8455382463279095,2.3722401672979676
3.6359741942257706,-0.1465497657243387
3.2031710732663616,-0.3804579544084279
3.772873198095626,0.16041019170073065
3.7660047243271113,0.051376935117236844
-4.950162814754388,1.801032736536805
-2.2106778662848914,0.11676768702696337
-3.4634689000436962,4.950022678091111
2.572968703974157,0.007740836323747758
-4.1581233869838785,4.556045172613014
-3.9038625687745463,2.9489243475187803
-0.20216087977148087,-4.950049721455146
-3.7426588865030594,3.155844815089505
3.7793272856163336,0.5364952723698476
-3.0398119712320013,2.030317960794116
3.574655760261921,-0.026485904013794383
2.449108230411087,-0.593602588562407
-4.042703849302053,4.950022963808804
3.6105586934988745,3.163988881108551
3.5308680447872582,0.8046378780215363
-3.9491890265515917,3.1008745839824283
1.4786258579441962,1.7571774216283191
-4.500932075290799,-2.7167046407643545
-3.9305427881412793,3.755914166943963
3.746056387353177,0.006242475847951269
3.0831492443942126,-0.5591130678239663
3.7326128961124048,0.05937574967971226
-4.950013673302612,2.6955095720194735
3.5074892816407153,0.013888458911721155
3.038708363018902,0.6530100909683829
-3.577011474751505,4.317604842553134
-3.7732878758772372,1.8731071382641837
-3.7805959374420475,2.899461121720109
-2.8821230559664275,2.2665872241550864
-3.1738150546661172,4.9500196474834555
-3.9886998430452865,3.7789856846556082
2.43477491983702,0.14607856168465455
3.707582297021633,0.0002624657316886686
4.195528105104319,0.273987869528757
-3.1722185053990635,-2.5785606998439277
-1.943499356756,3.6747213866966444
-4.448097018034783,4.229457593620966
-3.9928545741226533,4.053943882121708
-3.352145347400533,4.950124175349873
-3.1509164873905644,4.950032713430333
-3.6846114998816284,4.217249303422686
-4.950091469503899,-0.5942441462991698
3.6537665192684834,-0.11356470666687069
3.800066280419846,0.13175210033070234
3.0219466613137165,-0.6619194843957291
3.8551401920609996,0.27612634488400745
-3.9550980729220537,3.7174894061021457
-2.6522470257289688,2.611689831718127
3.2528066666204953,1.015017423525418
-1.9740812778638381,-0.2575031574564547
3.7344420717434166,-0.018849014883753384
-3.3590357603523238,0.17404850462503865
3.5638479987668497,1.759664322865184
-4.950075089590751,2.493341501914871
4.1418721038142685,2.397289886325134
3.7344425694330847,-0.018906538043211043
3.600298518606158,-0.2573511919139312
4.289020873933287,1.1321738871877411
-2.5038836237755775,2.654474036760344
3.778241791488091,3.385910727023385
-4.008470557080805,4.163455263509799
-3.9676324902658884,3.7878203224946128
3.3931685128401394,1.2899782401099442
-4.236087620912604,4.9501468457556745
-3.550000911806808,4.229842860888676
3.6807576710486956,-0.059986885324593314
3.1326944652638162,-0.48219156804370544
3.8496807317167065,0.209176392218654
-2.909869609056102,2.045411997619199
-3.927243693025282,3.710295574614857
-4.95000383795807,3.213918934655303
3.8210620248697413,2.90907139445566
-3.2202751568223364,4.0845605067152295
3.9319259333350534,2.689003212472001
3.6497459030754644,-0.11911894229741497
3.663302664925639,-0.09493379907259353
3.662919142470359,-0.09566481806295105
3.6630263125099614,-0.0953909232147304
2.846567629463486,-0.9485364853754236
0.8816281082302898,1.3099569274643956
-3.574241953735173,4.950052115356155
-2.229182609727028,3.246348247167691
-4.156349388280033,3.6392405135406083
1.2897262941430063,1.8111465023360143
-3.888790432298587,3.407871290994751
-4.950011557137202,4.185293399445513
-3.954158061188331,3.7143178740349003
1.6436411896660266,1.8448221214993268
3.984306272412677,1.824728427771635
3.0104626368853733,-0.6821556121719277
2.931360770631102,-0.7510025196251291
2.847232977303765,0.259384273140339
-4.950020479542783,-1.7351083670858003
2.9927173913217606,-0.7145302846287385
-0.10271060762729314,2.4955536998597103
-3.644364504375777,2.8073953915176344
-3.1153913667388107,2.593722010045678
-4.9500856249471425,3.4190583609792844
-3.5413418591437944,2.9463682597416776
-3.9685818781505935,3.8311197641157886
-0.7730449696830463,4.580556140509145
-3.659678936936878,3.142583975284377
-3.4582990518344148,0.9259046897491692
2.8310696514582085,3.3559762514932348
-2.6495124076279875,3.3072952614831492
-3.028410708564631,0.1451815049491138
-2.9471483272055554,1.9891591056402829
-3.8574024118121977,2.7042163288549697
-2.9462007345185093,1.9907770874907311
3.960271545356853,3.131937839797621
-3.9124085278179837,3.3474867951114766
2.9219890243720243,-0.7634748486761727
3.1443959476005654,-0.4647282791929456
3.5186185158349446,0.029924750955716468
-4.635024408724092,0.5753901775174914
2.6403507714509673,-0.5883797921097279
3.6041263567596618,-0.22271185523184822
-4.950060403472299,-2.192678570097055
0.01670476136318603,2.435810240595898
2.9807268698110754,-0.644814426185446
-2.957722825178262,2.8337316017194736
0.06076859079298008,2.413730252774858
-3.501605165615194,1.8388142656330806
-3.5003526297902416,2.202348571261668
2.993508488487171,-0.7130617340799716
-2.8870950102645905,2.259458822450947
-4.950032245426681,4.154387328770077
3.128775489303965,-0.4880994933992591
3.7252422477154234,0.02665459773038986
-4.950012068979858,-1.7473838593183968
2.47573213834552,-2.1987610588441644
-3.877862935420583,3.5496710161699583
-4.460882085497367,4.950026877404598
-3.4069190351408896,1.764130453327591
2.779669550103731,-1.1265329236832522
3.614349685273499,-0.20453845163574258
3.2531174954730155,-0.3128914607005044
-4.950024637096662,1.9414250897290772
-3.3239706325586633,0.9764656764147324
2.900536618863352,-0.8110578721652669
-4.20809005652458,0.4733461155612209
-3.6944963687686485,3.3070944317838293
-3.991819031000824,4.9500699284303105
3.9976607626538367,3.533706749179972
-4.004096410617451,4.118680008035104
0.06005735013261196,0.8361653471727231
0.30929083146989783,-4.950003845273278
2.454031489545162,-2.0717989581510685
3.6155571096325443,2.5234184543923517
3.478928498564584,2.3216735914652658
2.619119501611202,-0.6785887342890673
-4.554436436821922,2.5468299044673195
-1.0847792602275035,0.40471229992439905
3.9859688065414125,1.7828324439301793
-3.9525074217431495,4.136487857668575
-3.010104911728585,-1.0529854435936676
-2.9330871079838112,2.803922705157747
3.7252460401328413,0.026658051705791445
2.795873075149887,-1.0827701366505955
2.7798844761631374,-1.1255914012202946
4.3967100636854966,0.2504508011989759
-4.23710642641532,3.359007372552437
1.4187029674838023,2.2567507640441664
3.321657439420971,-0.0855316117874236
-3.865901732947369,2.8289365906809123
-2.6541456437797932,3.3757195885293085
-3.5446694455404564,2.1661803957613213
3.981612670863901,0.9615111415197616
3.0218653863887606,1.9833667497841505
-3.8083071240193727,2.8663263579058467
-3.7666305361233645,2.7558072833922242
-3.0029355230419505,1.1439249737291641
-2.1072047850695292,3.4290690599459235
2.5363821684447956,-1.593191600774963
3.991095223274795,3.8077568652878657
-1.5111223401254792,-1.0880247832789522
-3.2175235617029507,3.7538331182604514
-3.7231286575734797,4.950297326479888
-1.7099453859230542,-0.027513841799823014
3.6436628885379223,0.8684301528430964
2.5367549671505856,-1.5921457154373662
2.7804458239135337,-1.1241867373025944
2.7794312334451035,-1.1266760050512832
-3.8872150589665906,2.8398065683575977
0.38651979587614665,1.3000352154531527
-3.829888496409059,3.7835579450476806
-3.4969722861091,3.2704043318594
-2.5793826017869192,2.720800727570444
-3.8684553782052853,2.8486339223956794
-3.8177265912056058,3.0953529774669835
-2.240099512093006,3.229712133866316
-3.045319724863885,1.9789246703359045
2.7456149699668995,-1.2739402611864181
4.022226359821479,1.706789501271475
-3.3574422132131985,1.8806974448025382
-2.443564619735811,2.92455718444569
-4.024707353606413,2.803440020767457
0.6660603923733793,1.1748222608493644
3.9737859836772067,2.016493809460406
-4.0520525137548935,4.066970261398471
2.9250576762891374,-0.7569077252806962
-3.9237829032454363,4.150863615515361
1.8026367631141413,2.1257994748128874
3.2169558041532014,-0.26069394105881427
2.999696415943369,-0.616721950333393
2.7874229610640704,-1.1710222657667995
-3.935828889868316,2.890069652443994
0.03911387006587352,0.9726052526959278
-3.6700484737793033,3.6256558231939673
-3.4838847068955996,2.544479810006224
3.503058950104775,0.10165373789034213
2.660682208847544,-1.4893218597707882
2.8121877192570177,-1.038487446802942
-3.8163888342285635,2.910986305244221
-3.822422341073491,2.8327101326128665
-3.4180974449349937,3.2132164509611583
-4.258939247161897,4.950512484425857
-3.9261951984980525,2.860958446091343
-4.47908548426652,3.1494473644987813
-2.8615391415455056,2.2977052120899133
-3.8873210430579648,2.838609474297557
2.38957960793184,-1.643617726077519
-3.689941333310218,3.2843123858903804
3.4892864533259385,0.2861631869402545
-3.983948224125145,-0.18163588746796216
-3.9483953261750337,4.211756520619163
3.044315563822433,-0.5298007319015229
2.818526997421112,-1.0909869600431834
2.6607300282594024,-1.4879638611416723
-3.9064299787451144,1.8226622599940236
3.5043767087290294,0.22804536242541693
2.7703217612829234,-1.1564220545064035
-4.151361301502458,2.9170271345421264
-4.915151804635236,4.804146640666355
1.1416946730887252,-0.4301121425752449
-1.7753321358996144,0.9767604572350282
-3.8312039118398875,2.93324715726067
-3.594162272336231,2.9540238108192516
2.6522027170569955,-1.5071655352115936
2.948115655766295,4.262947307247589
4.001049221080785,2.2484285474783974
-3.943264378016761,3.5620183375499703
0.9996556272841635,0.7274481728795154
-3.482978114337373,2.6533311150348493
-4.000398980220316,1.6305487985000233
3.3018787357708717,-0.12095432102871488
-3.7707528975494315,1.6553151698152324
-4.63356748123955,1.84779469211321
2.8244460401941907,-1.0655088697739428
2.660806215138312,-1.4882195366482307
2.686411712702533,-1.429655337816295
2.668251244721438,-1.4711084469581945
-4.950293686217302,2.9641997378186677
-3.7110922372998556,1.925697283765541
-2.1690981734759314,3.336318958548508
3.2745533420551163,0.001568615623025511
2.9341715879686743,-0.7451491180763425
0.7461001642170517,0.7626546547156483
3.032343633681378,-0.5552337946682148
2.9409787344973517,-0.7357941594312862
-3.2722713082681696,1.2317370406416068
-4.047623135275154,4.950169040659614
-4.950051386368171,-0.07292653901588293
-3.325791358370986,1.2558575986314466
2.6576435334336757,-0.38388006136147323
2.974607390833646,-0.6427895774129421
-3.703424561510582,2.162749372800528
3.000766187068317,-0.5660628353829603
-3.7746529017985364,2.9858104653291124
1.5367997076988098,4.376993871839421
-4.036614431679182,3.8352742867225484
-3.6586749732302017,1.8681115860278041
3.4491237649588022,0.0893917452521645
2.676219891868408,-1.453405675015149
2.6731704062243744,-1.461171818117105
-3.3956147730078845,1.8818033126235074
2.6329403144785384,-1.5537472290704548
-3.3945617332477904,1.8836345164358053
-1.459773731277683,4.400420911616134
-4.9502349167384025,0.45278406449080316
-2.2328951163127035,3.240628426012039
-3.7439079622410025,3.391596352455988
-1.6931363257828538,4.050354112963399
2.6641606599461833,-1.4782053533868935
2.974786195479237,-0.5465380405869555
-2.9679996660091326,2.137900599702027
3.4884095365595535,0.5248565923124888
-0.15243885311849692,2.5203181795765897
-3.581866392835679,2.102061121415685
-4.047101175695224,4.316376023261463
-3.5346895712191726,2.0515817487951833
-3.654030818868042,1.6606267782698179
3.5569347863439553,0.8061195161295283
-4.95019920713375,3.2386840820762255
3.486094250551494,0.3284297620023809
2.644059641700765,-1.5276264286813213
2.6645547676038044,-1.4813567848920526
2.688024782143122,-1.4249828350783216
2.663535526910432,-1.4828496790738768
-3.3962445996559674,1.8806219975445662
-3.9406215176306185,3.466134035178271
3.0695355850579453,-0.5566956723170277
-3.013050648127517,2.0705088795686124
-3.8994507704338845,3.6587756568151084
2.761721270003853,-1.2327984573939854
-3.3916844067574536,1.8858589199361753
-2.6714123538719243,2.58271616475243
-1.1853275318050864,-0.09291734965736646
-4.650390348038869,2.7132901080354013
-4.950032241106332,-0.14462245658985198
-3.6133372951013922,4.9500061341982144
-4.2308861082820375,3.2667336347609237
2.6950934576540355,-1.4044507421769512
-3.39519110286817,1.883731340503033
2.6371658544144725,-1.5427671690050992
-3.6434167740311,1.1488089736242173
-3.533991565716456,2.061238360030078
-4.95022239529258,4.876191759928068
2.8495096209440822,-1.0022675984980371
2.6597750343715023,-1.4920013107628134
2.6845115512259405,-1.4343869302536572
2.669965129729507,-1.4673621027406083
-0.02550240663854281,0.6702097720584401
-3.6117190710846225,2.149107113299922
2.9272259071714766,-0.8228249847694832
-3.9401761365718,3.467808466236604
2.064108924395889,4.359734416916957
-4.1251703732607625,0.9423392375643099
3.872259380359017,1.1562586452931534
2.6317496863734124,-1.5566011900660475
2.1547280885450375,0.9585790000951369
3.6794086960756918,0.3427505410148812
-2.5973374001954763,2.693879879056704
4.160611294531774,2.333166474387991
2.635649051748904,-1.5469755572047519
1.5420676277875263,4.227221863331095
-3.858987203622644,2.551930151781574
-0.7481332735058644,-0.2733394567953494
-3.938493660385326,3.4719059177670344
2.7604384755830464,-1.2360021458639037
-3.9627546638553715,3.445398854912503
3.421357462890355,0.02722545083017173
2.704282978648614,-1.3859348527755446
2.6607128508391074,-1.4892957421383706
-4.659837740068405,3.6193192340345313
-3.9107548543926716,3.6373655803284617
3.496023907845051,0.20538595235931814
2.896673017161476,-0.7880192906795379
3.4936950264108106,-0.5449404839855159
3.6596707042651673,-0.2676504366283564
-3.942405496360716,3.5677823527319137
-2.9495435368835157,0.7615799648606398
-3.642756701451975,2.2433912410230135
2.476616274856495,-1.266610928812331
2.520173536270851,-1.8057310916707332
2.6475783867114124,-1.5181491314326145
2.66937214068746,-1.4699669472293746
2.085651546673583,-1.826176513565497
2.6336491930333388,-1.5519770847489165
2.688756883327438,-0.40102312510626725
-3.94915102941724,3.4984347487764698
3.4265947539605217,1.9925057818938317
2.6367682209483907,-1.5431952541318357
-4.950023431132359,2.1678348994779904
2.7699758047561263,-1.217778215234281
2.654802505668151,-1.503047765878243
3.4927200938135927,-0.5480591172075364
2.3870768830467126,-1.8901586523417224
-2.9674196187818147,1.260020205331492
-3.4710792979151543,4.731489573354328
-4.475084941622998,3.217961586262975
-3.8674637292537613,3.8120397878819956
-2.9561565775239766,1.9758751675511186
3.494862161783653,0.4203425429013976
2.6396016920009244,-1.5382952332705755
2.9151775065081478,-0.7474616564261722
-4.6610197665074615,3.6913930587099073
2.872115192568626,-0.8439145540238382
-4.243819958268322,3.7327374365783537
2.9936542017539973,-0.7035831902139688
2.6073980756218287,-1.4229734560757241
-3.5854629683517305,1.0600934232182149
3.5083895912944936,1.4211325512188673
2.673000497313472,-1.485450611389174
-3.8575209359510287,3.423708824325197
-3.691084267867127,2.2075672119945566
-1.1373241687373248,-4.59859079919335
3.5508439934875127,0.3648616904001453
2.67985833430121,-1.4694017363686804
3.49279884429496,-0.5479219760302007
-2.6962876073412163,2.545648857673396
-3.496016282786252,4.235865395481149
3.1146416542775297,-0.5012124891289064
-0.029390517901639712,2.4588664785830123
-3.9607139604910273,4.480256695318492
0.9952756745147981,1.9503726721820378
3.1968372623223518,-0.36512476880551653
2.3914600629261544,-1.8820653097752824
-3.670764385653439,-2.342089826088303
3.987122458180094,0.4982626015492101
2.474122509221485,-1.4715007298966774
3.8370900355058333,0.9153038001102305
-2.9143015432424044,4.950064361171578
3.4369386061603824,0.06115107317616643
2.685321360871862,-1.432080771150917
-3.9719214376681915,4.1841214198271794
-1.7658077249993176,3.941414227835806
-2.950447259109901,0.5027043639271456
-2.189136649441667,1.1093027215026259
-3.753438065115809,2.7861126935595513
3.455248824692117,0.10326119068669369
2.69949086707324,-1.4247715420587321
3.4915777461953086,-0.5522532376985558
0.19148550708581677,0.7125593884834168
1.2664360702381814,-0.8692705516830769
-3.937292933784897,3.8607809600348904
-1.7885454202487603,3.9071938726287314
3.5305665520284126,-0.55761324152236
-4.950190733068838,2.8324893964093234
-0.9275418619873366,0.3119886401515648
3.563630462146726,3.6333058551937554
-3.635617130534567,1.6118204731213184
-1.6637046508399376,4.094394540685118
-3.7218777657702744,4.225269186090068
-3.4463101197042585,4.139371930600767
-3.678176597878819,3.7168415841993228
-2.59020989643296,2.704776065230744
-3.3109541587503184,4.2430569841686125
3.2865845058620975,-0.3620562080568344
-0.023490590923618507,2.455862511016649
-3.041209611468703,1.9720163629408067
-3.5140679365223373,4.2341523391213745
-2.8244765540307606,2.353317594222734
2.6734966711144597,-1.4835730849389384
3.493356988588894,-0.546374321539592
3.498010423830216,-0.39694203767542174
-2.2699242889948406,1.0713268833936462
-3.9633939378119494,3.8982601918306865
1.4237609042926587,-0.6258503285946984
2.9406901697079726,-1.093841512035809
-4.459420739284203,-1.9348798097929631
3.498785039919614,0.19007478512637577
-3.9282868455780218,3.874677280843135
3.90619129159,1.6340768006901862
-2.7671703712469995,-2.5622299910161477
-1.9356762027199044,3.6864316845445235
-3.97996910502009,3.722255684288365
-4.077357938099513,3.6787012644398773
4.030532435678453,2.7878836356345635
-2.9009656646129325,2.2384604925417513
3.4741156987355524,0.5726539316545999
3.4875160963241454,-0.5652766970218946
-3.9339755004499004,3.9224744901780775
-3.3366874599560643,2.6893852999477326
3.5836383150183297,-0.2930958225417891
3.0857006891362797,1.8710373627187111
2.940707228571377,-1.09380030830929
3.495983202198678,-0.5363792447149363
3.4922863748936477,-0.4084038585403164
3.496490116259887,-0.5168384609702035
1.3556482687852638,-0.8749332392691805
-3.919875093357391,3.9472104965488213
-4.950040409351289,4.008231330634895
-2.4111201101275297,2.9733355530542065
-1.9732954118585986,4.060308340228676
3.5764935697040428,-0.4729058880791491
3.6000074770667516,1.6512883906036462
-1.0932185898405882,0.8735622621368422
3.9452390073879564,2.255951713898795
3.9791557194467666,1.494169434032358
2.3600973476546683,-2.2555477061553666
0.6764645227389141,-0.2959592740018177
3.655776714843746,3.3188342572415532
-3.935509271342341,3.9172130090111086
-2.9793504297662174,2.1208483628799097
1.3244018626990806,-0.9673237851735007
-4.950103286221542,3.2142393488063874
-3.013789111631904,1.95195316866338
-4.248508961048989,0.41827060426737656
3.4763051066805173,-0.5129464174505531
3.4715460515155954,-0.4460422134686532
3.4840969939120816,-0.5222219739433283
-3.8694935693607424,3.9598605519916825
3.9933871553407534,2.951718170457488
3.6501188765988166,-0.3435686616329351
-4.1309001069666955,4.95015234259457
1.2025180794266193,-1.0584485026318422
-3.920566037232228,3.9453759815604603
-3.674750976467817,1.289221307848762
4.0958184547963565,2.30891617117005
-3.201672344945606,2.130475637980275
1.3412496191124024,-0.9204481043538806
1.8077721974867476,-0.3385952018495291
-4.022219291088947,3.436464921165643
0.9737055946715438,1.9574851470990928
-4.950006952580958,4.556038514767381
3.9300405371753184,1.9921441236482786
-4.086513502372702,-1.626594859019211
4.009320366817916,0.6156429600839287
-3.8823125353826424,3.6974168106682797
-3.7773362831620716,4.950198317858739
3.565695253230048,-0.0476299930561459
3.4913354857929932,-0.5527803087930683
3.501450566834382,-0.3899840752712632
3.497768473037235,-0.5197613786598928
3.4817231291788207,-0.42923257996908454
-3.143562507734295,3.7589622256450745
-4.301586492624834,4.766798893175322
-3.624791016537933,3.573068906496805
3.99534453296718,0.555727045724628
3.4805128204677906,-0.5795278137567941
3.515241584947344,-0.3616087907754614
3.2544842917013925,3.107208681093349
3.8833113085256357,2.369831987057764
-4.141926015658971,4.950177718150068
-4.324211096646844,4.950125739165092
-3.813386443452493,3.996950937550519
-4.950103928299441,4.6426023033514205
3.667550726930886,0.07034081877723215
3.486967510078164,-0.5662984417572936
-3.907728527219219,3.39340308642375
2.4646128311784716,-1.1602532164343673
-2.993712983641294,-1.0641533904806657
-3.9692189573526018,3.857208374609651
-3.1399687472770244,-1.3821899344585218
4.0916931967172925,2.352314823100306
3.5433344842574015,-0.5294850317952625
3.5112514032346773,-0.3699652202080839
-3.855853190905861,4.950054306659621
-3.4326111390390586,3.9265223288931184
3.9145304575233606,3.195793332992834
-3.5348885884291823,3.631674133821227
1.0276168802907986,1.4499095383717775
-2.5941396313306915,2.6988252434175304
-2.932242915227469,2.0115345271611713
-4.950118737757104,3.9959225411107338
-4.18664556725359,4.9500929952548915
-4.744170593132581,4.950243542251977
-4.041053183823277,4.114425242317291
3.7893000892974866,-0.05400463249095223
3.493376788671089,-0.5460042624478567
3.49768365415232,-0.39761216135141686
3.497448142353505,-0.5184034736470968
-3.903767138662514,4.252183707039835
-3.6003222582613676,3.5910765115954244
-2.95028051472194,2.1647173399460446
-4.256604350069813,4.809713953918848
-3.6768990890448907,3.503473557382338
3.868412428816849,3.299435589454107
3.736711795364393,-0.17126868397125514
3.497323530481875,-0.5305541346205085
2.652269100042595,-1.3294312641033403
3.479805180404214,-0.5809544977843499
3.516009918838615,-0.3600823574807481
3.4980469531731853,-0.5257510838686275
-4.006300576972447,4.950005319129053
-3.3956687748782475,3.620250644653266
-3.5361150654237723,3.6159720832854747
-3.555585562893723,3.6521278277243425
-3.848386966252702,4.9502690033514485
-3.6902526453854225,3.523659593590906
-3.0121726177749393,-1.0518040573282013
-1.738148285559493,3.9827430508584856
3.5307436008317423,-0.5573156300024928
4.271863872067075,0.8713100208225741
-3.994740585380614,3.9133593046528836
-4.11250936947751,4.950012514321066
3.6641943082582995,3.6223133040324824
-2.2915006143887884,3.152846166801083
0.013049884211284014,-4.950036335111436
-3.534659399324581,3.6293089037801067
4.072313521312734,2.5209921770861685
3.5616391523603044,-0.49844894823128283
3.49834989214174,-0.3962210669106218
-3.9745710601012267,3.7097441052639484
1.6380065405972486,-1.2839894709762432
3.3349414215089856,1.144273577054889
3.5322698530852037,-0.5547627106980014
-0.6469870225002172,2.76781160734452
4.117301081704365,1.9978836803081752
-2.84572774847842,2.321232121601879
2.7554518338580944,-1.5312831091580499
-3.0498072814393185,1.998154046136831
-2.9963261261405463,2.0954729522884485
2.00999672970409,0.8828939075748479
4.118417410952498,1.9718883389795714
3.5277420237154984,-0.559675333118986
4.1350979459534285,2.5996210053522733
3.9738473601530897,1.769459762390729
3.528266654909965,-0.5591920667778637
3.4264467646129626,-0.46556487473771996
-4.9500602439958055,1.8418006178060247
3.4869466623397853,-0.5664260512385674
3.1833215842474325,-0.743174179520601
3.569601361847806,-0.24207286522080765
3.4932250778203717,-0.5465765674825079
3.4983472602926438,-0.3962154521723782
-3.9395656529638865,0.8866600462917292
-2.941112419773648,-0.9793787350221473
-3.8382140576751578,4.95010027185531
-3.719379725056396,-1.6531175446126585
-3.9895080573778228,3.698480132618826
-3.983644734192181,3.7883819261680785
-2.1425283760700022,4.950294431484725
-2.4145983102447124,2.9680437443328533
-3.8781994029656377,4.225794106589516
4.083390841601277,2.1030806031368185
0.8152388873679677,2.0365003738535723
-3.27948987741635,1.3572388342664272
-2.8496868358420904,2.3155621329815936
-3.7413494073932054,2.8348257561941956
-3.6267044694307415,0.9960016372184802
3.8601666581746725,2.8222814225242914
2.4377832639686883,-1.9915217630985345
-3.4237086516900543,2.3861501522350888
-2.8133965584099587,4.950149054096673
-3.3383798271319116,3.5602237859711017
4.116724398403066,2.0088853561387263
3.526916122887307,-0.5603375254529148
3.5242740994452153,-0.3426795058884228
3.497473840040554,-0.5295141948407779
3.4882465399735145,-0.4164048790464038
3.955289151897014,0.06997738619424526
2.732790518981504,1.7747677937965145
-4.35059209826743,4.950092976983563
4.084866634360207,2.417147500952816
-4.950181653156037,3.6931167930985116
-0.8173387219165696,0.7589339845837024
-3.497767195610091,4.950127646869718
-4.950011101137326,-0.9327756705782949
-3.6995357999690164,-1.4111071534228115
-2.9362598503529633,-0.9824790274441442
-3.71200544642188,-2.7764238366957565
-3.5008538879870765,3.5965221378052328
-3.1953680309957995,4.9500639696135345
-4.950024399884776,3.170406560244733
-3.7590713782635006,0.7394044506806895
-2.949502316377604,-0.9736060092190599
-3.0497919415808985,1.9980715392163828
-3.89931015068601,3.850908907858878
4.006459848283374,2.899970911348718
3.6390527780564215,-0.36378651487512015
3.476011637433819,-0.5084954889774658
-2.94834815529513,1.9873420294888322
-4.950131606606983,3.9797381924292705
-1.6160675044104067,4.1658763092193665
-0.1909092788847594,0.5829133310658553
4.119017557118385,1.9582848403650879
-4.95000796169887,-0.9980227072899871
3.532468866161567,-0.55467426722602
3.5232436812282253,-0.34485807987513645
3.7273609311206086,3.227968624083696
-4.950074942270075,2.992765532069763
-4.9501213750905055,3.5255317370226464
-3.106428932843615,-3.2830096184782627
4.094177742875894,2.3259367482759132
1.7652667499476478,0.8526072477036555
3.7009406039004626,1.0553025451318394
3.9152395061674157,-0.01000731107961971
3.4906067806993573,-0.5556711749556128
1.5071853893909908,-1.551798129721257
-3.2791237436955325,-0.25944845732260274
4.38597585305696,2.590446202790235
3.5326848152039867,-0.5541874569204724
3.5228858498670452,-0.3456275385979012
3.49763696658558,-0.5287429636315604
-1.7174952078200432,4.013850795868007
-4.546229461132027,3.1809926830919295
-3.040026515555228,4.950004026842906
2.358189650316516,3.6288807634516074
-0.8368883216908225,0.42189315437359265
4.119886498880058,1.935357948491829
-4.95001951306604,2.871848325394304
-2.9780504967843635,1.9550922927778631
-2.0592907261872146,0.514892339466959
-3.9903238769593536,3.858621910290899
-4.950065311721039,4.6252204940931225
3.8588627088763654,0.5771105456384248
-0.2352942264143768,0.5709058382624983
-1.6099547838332733,4.175177935773937
-4.950007942946527,3.8353261490562764
0.12880763506096105,4.210335835157129
3.9616871480326386,0.9294207340262947
2.632253362263979,-1.523346131284138
-4.591756218101819,3.258324874907113
-2.766140738458698,2.4408891717458774
3.530416165935743,-0.5570285825323731
3.524003262742864,-0.34328934075949513
3.4974847622840284,-0.5293557229676942
1.3865068267843643,-0.35576548058698315
-3.946272803589947,4.587455607738453
2.7196691003987814,-1.3396903372994722
3.479899942482116,-0.5806127157876754
-3.1985449270991047,4.950055268142378
4.113938244253351,2.061569507536297
3.526235192669467,-0.5604580448148844
4.500452219879989,3.420174544627002
-3.039041378854505,2.031193181716532
-1.7122189135054862,4.0217618827088275
-4.950198346065301,3.694814705750379
-3.851562318597378,3.2962954536357345
-3.447753755586042,-0.0003298536578044131
-4.950080050125559,4.526790327520902
3.8622392765986127,2.75736409137613
-3.719197369877988,4.95002906715013
-3.7097699232629755,4.95000155009019
-3.520292248379769,4.9500175720740875
-4.006502628738734,2.377320022933865
-4.9501569350311,4.6432013837511485
3.8957987002428354,0.6766595005117776
3.4881650451682504,-0.5631595925098977
3.5075288651783634,-0.3776085216937322
-3.9511533159147105,2.8594775557485343
-3.0129979747304567,-1.0511163364708362
-2.932117152844615,2.0117910471065263
3.3784285437500374,-0.038810912212880244
-3.058222187791221,0.2614445993341558
-2.5627853229787863,3.7113801296567686
1.1222039192806734,-0.09570909063777924
-3.947908047195068,3.606732444367231
-3.7710495186873074,4.58690340349467
-3.285697336865009,1.3127346393778412
-0.4617496164565563,-4.950016707428046
-1.4334751059176103,1.646993275026223
4.006638231870902,0.6037080178481323
1.470268332780179,1.8433971839923669
0.02875365527113393,-4.950149710469173
3.09086780354421,-0.9940707349556421
1.3945518250204045,-0.3558815043412523
-3.945240039823224,4.586063313583171
3.497794828046687,-0.527424049420661
-2.81147879800034,4.166127056826937
4.091427928066267,2.35425053982665
3.543700656092041,-0.5289551816591915
3.075668825849928,-1.0172572007654896
-1.0717914463302325,2.980344086113973
-3.782695038958133,3.1346460486800587
-2.9336716585377425,2.009449531666831
1.6174328310829957,3.130921075576946
0.05984253897495662,1.8595827232227502
-3.984955934742563,3.8310722014985883
-3.3116439676423384,-0.4393774993772494
-3.9987835868367383,4.063256852194107
1.2145443475779547,0.7287578333656566
-2.9502928555358308,1.9847954885189496
4.030199162014587,2.7889923799990943
-4.950142462899224,2.6165444158394338
-4.95029289584963,3.9378440046410765
1.9763031957312116,4.186719606161498
-2.9528512294730906,1.9806903303413759
-2.954983224513182,1.9774904979922525
-3.652900609975938,3.1716815127040903
3.8161790455752205,0.08845011033592355
-3.941966129102546,2.827626977745307
-2.7742750803882283,0.7678515609135812
4.020995311537636,2.5441541443063644
3.574781605681453,-0.4763887721486957
3.046895127714382,-1.0628154277896529
-3.8222039691303564,3.15494267070951
4.241160476411983,2.895684849008085
2.893814079075184,-1.339442416360944
1.1073941380205798,-0.1738021119280398
-3.7853728637678867,3.1567642709415917
-3.8193100144300978,3.1053724495613126
2.2861107232788846,-2.0716389785531946
-3.820053628301137,3.1664986583294046
-2.583285124098327,3.193266747790518
-2.9354402565820807,-0.9830198027782568
-4.950389508482212,3.6594753865895773
3.3105652644949877,0.32552536270540755
-4.95016565786288,-2.793326346359967
2.5482049240387354,-1.5252045352901695
2.8367275236577676,-1.4694035456779426
-2.990514856031942,2.1042629108416917
-2.1753482585172987,3.3266760179047967
4.012804359500067,0.6311317976228199
-3.154552178884725,3.6880456934163552
-3.781143588204181,3.1294026028668362
-2.627910959437414,3.205846223012218
2.7115075941162123,-1.3757573641027339
2.8354054342668804,-1.4725211322034393
2.704809539525391,-1.6927711360272575
2.5966255786113197,-1.0290950564583223
1.2453924474988376,-0.203374494985804
-2.475960288047861,2.876050442062832
-3.930596053100651,3.5870643145991443
-3.8191556683092838,3.1563083040733493
-3.8103275030044657,3.242790031460265
-3.5751283744415043,1.1743530119390773
1.1407737511905398,-0.2087690748165419
-0.1023439522652376,3.539932083808155
-3.212054453373313,2.271725057983016
-3.693909997522976,2.8993540465843215
-3.948872210616583,3.742194284612816
-2.598101430402472,3.274460908317435
-3.999859110021723,1.9947171909231318
-3.7827215867323725,3.13453422981207
-3.9926657034918493,4.950008571505318
-2.7972075779831718,2.975817744866828
1.7445195345927205,-0.1826937322220372
3.5720610324470004,0.5153830983218809
2.8379963873959095,-1.4665901798635121
2.7059846715793965,-1.6892708545008366
2.692301236595353,-1.4668688334768942
2.8426977478507562,-1.4497213222507699
-3.678762848326662,2.118094465794579
-3.6965270738406564,4.9501107529940525
-2.945747770649837,-0.9761823475554466
1.2840658670571814,0.7526235339208732
-3.0372575498316348,2.034212286011876
-3.8543236324561008,3.8112209486482147
-3.6884450316338575,0.553157897743137
2.5858307570633703,-1.1066307260153878
2.5857150270428435,-1.1062239021031335
2.8642348520353935,-1.3936571039454333
2.60187242059888,-0.9956031568369
2.6161072868167614,-1.7459599566306159
4.299566757068846,3.461298907014888
-3.158280666364043,2.185254863416756
-3.007015246596116,1.9505615497603628
-3.515111893208215,1.4233678200752786
3.6047713472991365,-0.1103370903278872
-2.960591255769173,-0.9663164046616859
3.412635380151926,-0.6638555170339079
3.104286583342172,-0.9742035152634627
3.1496244205176342,-0.891181268233081
3.4130397969642834,-0.6632570590213674
-2.5267132149962186,2.80006293232567
-3.3310728212396334,0.914436660762222
1.3159874495198196,1.1488473656604112
-3.917247171356222,4.950027506340948
3.6054434651139573,2.3581525068868983
2.841871719500062,-1.4511391116615668
-3.0648549073785842,4.950242252098031
-4.950094464465428,-2.036483366258229
-3.490201383988143,0.9691092675358016
-3.689625426101677,0.8154873131338136
-3.789856515262185,4.376483386328051
4.059585367103739,2.9799316344104194
-2.872904262242783,1.675916210728364
-3.031611619049699,2.042477384754223
-3.4163311378831915,1.6343003191170942
2.5381911323432487,-0.9536014022915815
-3.218639548635525,4.950249391899634
-3.20988310356354,2.228421684872595
1.2175659563656116,-1.763617313832484
-2.678989872226479,3.181172163086004
2.8679356561263454,-1.3952202861193521
2.6988948862675866,-1.4335827620385557
3.086697888750487,-1.0887847916269557
-3.1396949276694497,4.661479042707496
-3.6785215582456146,4.9312993561274165
-3.5709448370710732,4.058602097492686
-3.142542868475516,4.9500901349556425
-2.88660106726673,2.828038595754625
-3.044781345875635,2.022216736938543
3.406201558712943,-0.3114237652047726
3.01505000986079,-1.1160326226656567
-2.526488351832738,4.124653418559182
-4.097940298093725,4.9501465613344156
-4.617504877091752,4.950105730372708
-4.23224329371804,2.639423277593682
-3.123920631940373,2.427840641575418
2.902822936556637,-1.3132742090855165
-2.7287220757373434,4.950193920833806
-3.6217464601934526,4.950176744391576
-4.096676296356881,-1.0116968290035022
-4.352956937348126,4.9502262785743545
-4.950003098053655,4.216681107720213
-4.950077736332829,-2.1901968391982103
2.8779138602249814,-1.3647443956461078
2.6990804477974994,-1.4326128185076856
3.086571461896593,-1.0889606444491846
3.5324514562719225,-0.5996145766003951
-3.9804475670752164,3.8806474915322475
-4.950009460529514,4.601509205296451
-3.9971123486390367,4.838371639789472
-3.383597513656611,4.950014407199675
-3.1450032954564238,4.9501561095220605
-3.1400514046992596,4.950002082011382
-3.9515961128341974,3.4678846364304285
-4.95007192489172,4.434697486390761
-4.091913609759262,4.647086721632076
-3.1790747760601925,0.6762163937311833
-3.008648217240752,2.0771278962381916
-3.0372827619711176,4.127894807278873
-3.688881341799141,0.370201133557344
-3.091227212181281,4.102848153464027
-3.4467803795976417,4.95002096679729
-3.0812106640057895,2.539973477017515
-1.4766914088819203,0.005840400086301096
-2.8514142809564413,2.3125566030449
1.483209583506009,-2.1153515784257753
-2.647274434750068,3.1855943078341276
3.474256183427521,-0.8140084325930016
3.32669528188228,-0.7831457080285642
-2.963811162298988,2.1443444442176114
-3.9799563258711204,3.876663379035523
-3.89814237833096,3.586710644638507
-3.9349257412214618,3.905403228754689
1.9700277723818322,-0.40698965294292483
-3.800394765017994,4.950009502784487
-3.9599126525725765,3.8821776564377877
-4.003318996791773,3.9519582701767666
-4.038051965303164,2.5988094337847927
-4.950035554521092,4.555470563158883
-4.010538524350095,4.064200549724964
-2.972328361084171,4.9500581239457055
-2.0975831799555174,-4.123602759946145
-3.9764832583549046,4.674635070796244
-2.893120389912097,2.861913834236634
3.1358588887337553,-0.9292049303351206
-3.9171464294454315,4.950008216064676
-3.0646652447625584,0.9610758357731056
-3.011861574710783,4.950014824020627
-2.9676117612567503,2.7523849778571625
3.036059900653951,-1.0805399032001628
3.300130624714244,-0.8177411630677033
3.6043831718187755,-0.4456766353984839
2.901596538784771,-1.312228779010699
-3.9566157975947305,3.9102427071967822
-3.9429070484087245,3.783447881216644
-3.670517936837849,2.7646405397025413
-3.9689876636454304,3.8693083069081258
-2.568319871074284,3.5737103585227104
-4.013412696273194,3.9177400912788056
-3.615346574635467,3.726517090170613
-3.144581136073035,2.3835589258411822
-3.9801689224865626,4.1359056501936635
-3.9292770350456365,3.503984611361497
-3.959212373393089,3.7775404987606174
-3.9432050076606973,3.897991211941828
-3.949076472332237,3.911597097468687
-3.745680617317303,3.4178222765156097
-2.9644869806501095,2.1433167542816305
-4.258970893303458,4.950176696781607
-3.748700566256233,3.399340056658155
-3.9484375723127423,3.8981362788956906
-3.864612007872603,3.7870406140296478
-2.81585054706163,2.9629574212493304
3.219493222615781,-0.8203052316306316
3.1390704755026593,-0.8628135768224813
-3.948864660957741,3.902161714112311
3.164160743352261,-0.89076206369243
4.135682271141177,0.2797761106602481
-3.7868700736491183,2.291443539071774
-3.970712475660491,3.9291689723539487
-2.974190425692894,-0.9571989047277366
-2.5299989019570495,2.79497461291945
-3.956240719848836,3.905823426494661
-4.070111486195445,4.226840201666158
-2.600857720125879,3.3171998373065663
-3.999623092029392,3.884475922842493
-2.5888162652953426,3.3691226407872445
3.398957518895866,-0.9374188356526423
-3.8508502989714724,3.3715875903389243
-3.7583791052617435,-2.6279161133953233
-2.642159674441367,3.580398612111066
2.8549153224795925,-1.4066895420537837
2.881489782031158,-1.363984789775655
-3.945446079225383,3.9087896563877114
-3.0495165080872813,2.0055907841970773
3.1450251333423194,-0.8829146202214815
3.143047065080446,-0.9192607181153672
3.5698170311796646,-0.521767174115907
3.99719312905934,-0.07844150292850782
2.9744618993675274,-1.097456888767696
1.635498871953666,-2.2890675951060078
-3.9995248753635724,3.9193893151811396
-2.6027388038482666,0.9007612777238804
-3.710810253851614,3.207069977388877
-1.3463383922393375,4.570420353723216
-2.971676119608698,1.9590590790883513
-2.7993855812538966,2.97294725877205
-4.001724315315888,3.554843535803643
-3.9520865994218277,3.9059882398168564
-2.608967188990592,3.1822220655453317
3.1101105308049766,-1.0563913033720442
-2.756405893658123,4.950097908012925
-3.944463666416339,3.8929859511551035
-3.9715296324483145,4.702423348939668
-3.7733704601926985,3.5573008251382587
-4.189902842402526,4.324432396698871
-3.7893038651879083,3.172243565859688
-3.8984044459942675,2.5471762139406366
-4.147491900530218,3.2694972052923315
-2.8907309161238093,2.8571737931485597
3.404723820649144,-0.6753646650576479
3.5402822199578607,-0.5837252340240641
-3.047524770079009,1.984464541608308
-2.8649564062004917,2.9158976018166616
3.5861700673486587,-0.4863042359559923
2.52042286671014,-2.479289602038719
-3.886574343462862,4.950118867261833
-4.032382028278933,3.8819975850107546
-3.049661346268282,1.9942239703112676
-3.0297747161988178,2.045309383767572
3.099414611031391,-0.961747641270099
2.9773097573039826,-1.1924641158570437
3.482900019422741,-0.797445551784822
-2.503070906613459,2.655740301210562
-4.950005784860725,4.6288163050664926
-3.572700552611416,3.9272439547832474
3.341353447837455,1.5640613186673233
-3.997551390940902,3.9161605865954887
4.087254449089618,2.3134279748521753
2.5504803444823754,-1.9855280953307748
-2.891227857731175,2.253265286856778
3.08665420876913,-1.0869343013501245
3.5319111386363553,-0.6007730848115559
3.4651020923564038,-0.8305639665536583
-2.5748829967061737,2.727667476212834
-2.6511901392734,3.193725818781998
-4.95008913997502,-2.4162016206660777
2.640083977391969,-1.6338676198448765
-2.4794178427796063,0.8382694793418779
2.937557588685096,-1.1690746866350084
3.111465538804645,-1.0725454613414858
-3.8562907715449017,4.950215320896271
2.171061102217826,0.8591469026972774
-3.538313756970549,4.950037543614687
-4.768216050659704,4.9502079017435525
-4.1413578260354855,-0.36007805653901426
-2.710495949091672,3.470441830714833
1.5663172387306454,0.5442782164911462
-3.530523936376945,3.4533816792406755
-4.950122627596372,1.6784885233719313
-3.0511300307713576,1.390544315842239
-4.123116015468527,3.8590331781926985
-3.7107606771007546,1.3938696378349196
-3.867691899755622,0.31331070039255343
-2.6536134816657735,3.1914495575285833
3.0839011044441333,-1.1106206049316516
3.5335119647730355,-0.597465532272361
-2.9218749229155665,2.207198082809271
-3.8379815346757575,2.116072979188171
-4.184837407707457,3.1609240455251753
-1.747861166435833,0.5837584481034372
-3.7251739131384793,3.159488182569964
-2.671647908914965,0.36336321327230897
-3.0410624529519557,2.028010850253533
-3.026361306618957,2.0500230890895605
-3.972253332046355,3.569375155440879
-3.0106836602895393,4.950140537608471
-2.789118315286503,0.9413445925740911
-3.357835673351935,4.886734381396432
-4.10824476082664,3.166313701737358
-4.950023027489311,-2.415981260261038
4.476941615858364,1.942690500515965
3.48361949508249,-0.36493626460713136
-3.0313731963131065,2.042605638928958
-4.068276710870405,4.34555617637324
-2.9795196824974886,2.120710866805219
-3.011958547802575,2.0721377607235865
3.4834654833153147,-0.3650781796803588
3.661279704015046,-0.3115650390439364
3.0832028688051762,-1.1115658977866434
-3.2553243651368295,1.4837873274775917
-4.235127233304689,3.1867238265436777
-3.9289087937926888,2.5688876547846404
-4.950314577218484,4.747998734402073
-3.5651211961337257,2.7498203558122474
-2.986969364384096,0.7736992365555946
-3.6062774144194103,2.4404362761508502
-3.7941871999461294,3.114829014913675
-3.953175669854821,3.9411668822436074
-1.7147422007890507,0.6520641693470433
3.7226446083855,0.13902042785288513
-3.6626481860080506,2.0425535636064764
-3.281848291893152,4.049918033038008
-3.2035854126091468,4.950034789129622
1.6358669592868835,2.3911208392083356
-2.163452918967724,3.3449539637493952
-3.0476959438702997,1.9858169873453244
-3.865626167195522,2.10157140112237
3.1326650983111364,0.5083980861671011
3.4821047182537894,-0.6973706955796583
3.482934761832909,-0.7974816704294125
3.2728688871027236,-0.8701525132780592
3.6275095395345742,-0.39251324831714146
-3.9626736474318953,4.067191232477205
-3.8907541949085362,2.6725266670663133
-2.772517488193136,2.9738614646664185
4.0673838158768785,2.1583582855128784
3.5172966621550867,-0.6445626052781677
-3.8305695802941626,2.746414875683691
-4.3023632703501,2.721455740904177
-3.749114372228744,2.3318649318331537
-3.7481633414002853,3.9045684630336477
-3.4483507154779134,4.03420742580509
-3.1165411920385155,4.950124307705805
-3.005156665898674,-3.6837897115081444
-3.7959472662145552,3.8493903926828286
-4.950083563670491,-2.2916656166670433
3.4450212297519127,-0.8647303931097028
-2.931036889869792,2.1931503330044464
-1.7072233000146284,4.028931374314636
-3.895086896280049,2.666428413149499
-4.238475951465588,1.9830183711547515
-3.6999139779214136,3.921137617397879
-2.90221108708486,2.812278327641639
3.557284317914383,-0.54843839584164
3.4572065843152275,-0.8442243039103737
-4.950012258164264,-2.387841651185874
2.622824115704227,-1.931148342946247
-3.8276020770694776,4.950131881297283
-2.5542367529923333,3.646435490240583
-4.882680613880443,2.713516924205118
-3.0156622304873775,2.066401973896483
-4.404398200682243,3.5374048336659474
4.189672741157685,2.9559722533099855
-2.211938143836696,3.2720407519783428
-3.633439081404733,3.9313670462476242
3.6382076952457627,-0.21891301058986684
4.024880091950927,1.7363637675727697
3.05083585929143,-1.158343439050297
-3.651920168227121,2.476802244073078
-4.325876801805456,4.063621683315471
-3.016751666044009,2.627344191064911
3.2593832030969168,-0.8345899793155579
3.0849900984456444,-0.956274650832806
-4.053526172159963,4.106687065978533
-4.013039967849057,3.0568896086900565
-2.6061567911340053,3.8075513291379304
3.248523440448702,-0.8795103612762065
3.6237601269304793,-0.40128686654848644
-3.939911414498254,4.950124199640334
-3.192672168744446,4.146300859681721
-2.9741597893434357,-0.9572097412554418
-3.0169603782690335,2.06463838249116
-4.950032440165125,-2.466344773237662
3.206980811477638,-0.8990677640981976
3.628293729844655,-0.3906530406183231
-3.676915185049617,4.9501781365205515
-3.0354653459496843,2.036826145572853
3.135070022254413,-1.0269087796907406
3.443568554308223,-0.8351659419222437
-2.9641630026747117,1.9654057302386576
-2.852301197781527,1.0724370682627322
-3.372302026768241,1.4155047340426172
-4.950068680061103,-2.4279268398436824
3.076192466833744,-1.121568230466168
3.5268037871106643,-0.6110163150652572
3.501852509940616,-0.747359487106622
-3.667944780115415,2.579287561980626
-4.1589766461416575,4.9502441254961465
-2.636034415822617,3.185978128381051
3.490958759991674,-0.7717852554482203
3.1916565955521947,-1.1289884850224696
-3.096276508901311,4.9501459560101235
-3.968691442019337,4.950048806252782
-3.0165479068581234,2.0652641343778773
-4.260024538489542,3.121977154170537
-3.963569213284384,3.8844350365773654
-1.1816515621936254,0.6065440987713352
-3.035295269426344,2.0367280974337527
2.1479520937902143,2.0965456169393986
-2.5938476610869765,3.2834651862700093
-4.098597909969464,4.95003368359868
3.7495665324325507,-0.17503854832129218
4.009020700462439,1.798227523025644
-3.2297035144628756,2.3141595894277454
-3.0355393929015215,2.0368203381993135
2.7386547770491223,0.34268060045474835
3.435082699002804,-0.8809218269537469
-3.9767137887637993,3.8242078781150766
-2.6079031608283954,3.3323254618156093
3.721022347559915,-0.08363854588588364
2.8772117385673717,-1.3334036063719399
