-2.3708046231439384,-3.1083515956404146
-3.5019437633249066,-3.9174836349446154
-3.4368660959231203,-4.326308127438988
-4.896177270192609,-1.4389984611386166
-3.0216822476143417,-2.5047722213171992
-4.950464991373986,-2.6096551212066097
-4.5791484863906,-4.950420808779711
-4.114517434634556,-3.7525114387983742
-2.4240481305853487,-2.9864827710317727
-3.8924044715811084,-4.950042297518879
-2.613516577098377,-3.0671712116799594
-2.205989130693767,-3.4553150367277317
-1.1870679433733524,0.6926994037286182
-3.015829978340336,-1.4356569180798915
-4.950009519884791,-0.6260295083225188
-4.412608106649084,-4.950038456578375
-4.2966370331827095,-4.950246924466764
-3.4592144480311293,-1.8391413870985054
-3.428355747389896,-4.950020523471002
-3.728377335335798,-2.6373000756110554
-4.950435394248272,-4.827620815108862
-3.897261654544742,-4.043568209989996
-3.9517635830770104,-3.2435359994852764
-4.896467600570747,-1.4354077441998887
-3.4863314579473057,3.1478784326908658
-1.5495619804898288,0.7518981601768511
-3.942856544608764,-4.486522044459085
-3.766203237025453,-4.950209057429814
-4.882776351906056,-1.4209914878030203
-3.451180372590818,-3.923479685001694
-4.950016380577121,-3.2700232068463935
-4.188212174287825,-3.505254666519697
-4.95068284298047,-2.719084322649076
-3.8587822614164997,-3.44887546452422
-4.100117810488311,-3.249677810327878
-2.3192808490490586,-2.9945364711295164
-4.355464754245861,-4.950284962049824
-2.9095490066031053,-4.350103680009615
-3.833931639619087,-3.8343474943575657
-4.50763472798057,1.7681195986911884
-2.318715715868784,-1.5135462876154377
-2.504338503076117,-3.171263911750595
-3.2873565957581445,-2.5644572727348316
-2.461740436414243,-3.157642597131023
-3.6283454887034226,-2.0688414225798053
-3.1396105838870474,-2.6086782486660236
-1.5767625912262029,0.7890228471771326
-4.516223379418182,1.6499051574135148
-3.647595174957248,3.099435278409845
-4.030504213571319,-3.5435669846466666
-4.026648196432119,-2.853847315542012
-4.827940710353565,-4.950154506187895
-4.175637618075141,-3.5066014179367095
-4.9500174028664405,-4.466626342776285
-4.283277843273506,-2.538379080529388
-3.5941399353421724,0.44226159606187343
-4.9500333596443085,-1.4591352270142137
-3.6870230798621297,-3.7190889139278442
-3.2884518571178694,-4.950047706785741
-2.7213133023537233,-3.679254812425441
-3.391378340133853,3.709909808834328
-3.0346716697157268,-2.851440422318886
-3.031791636804172,-4.95010648063252
-4.9500413372335865,-4.33036173427036
-4.347579799031657,-3.692590158006912
-3.756455148961369,-4.950178887943684
-4.882569339926863,-1.421130261475285
-3.925689103631326,-4.256381353795213
-0.71003789170582,-2.5863441323293936
-1.5958200155545887,0.6911364203364577
-3.59436446019549,2.9351594631773437
-2.930192774080055,2.1948340996393667
-4.950032645281684,-3.2588677482227175
-4.950350654014795,-3.782129801368006
-4.403313210807624,-3.4505084060059157
-1.816621562733675,1.4021467586578538
-4.406583944876179,-4.950008633429144
-4.950121005901095,-3.4770978227284672
-4.512661899635149,1.7362799160322762
-4.950017831934024,-3.3206087329777736
-3.5284224265872,-4.950077249175961
-1.7404407008994593,0.6617056820342245
-4.950132106430513,-2.0546731403419236
-4.950319902779104,-4.784762059042724
-4.263433161902061,-3.483101116501779
-3.9734957797347175,-1.797807552985714
-3.8941124718775435,-3.8888312902113316
-4.950571916895728,-3.766238126779955
-4.791917536886997,-3.185984598237084
-4.9501834946841425,-3.263158714946523
-4.144791531920022,-3.9469967461276747
-4.175731555612921,-3.5067205486732806
-1.4797934800919372,0.6724953588488416
-3.594105789306825,2.9350354671157795
-4.538955926576689,1.6502031045439474
-4.950066206808709,-4.19624714749631
-4.4278537428227835,-3.4512810458153242
-1.5816066612693254,0.7998892895322244
-3.976433681567753,-3.50122303433079
-1.985799507925627,-1.736038951161918
-4.950130716041635,-3.311532786306605
-1.8019069701412835,1.1176247089472404
-4.95030428886812,-1.860329173563099
-4.950029780812829,-3.7484498173953806
-1.4553112467947447,0.6497639332691779
-4.487881880273769,-3.8643302707746345
-3.776747100631622,-1.9629604062650803
-4.950078807678098,-4.173080412932556
-4.950091934098421,-2.9411214214114545
-4.950121675017137,-3.248598737660607
-4.950372873740696,-3.930652653075476
-4.950156670689292,-3.5895927380662624
-1.537653907429504,-4.950019079223172
-4.950036710056163,-2.663621082758233
-4.950336618547936,-3.7950095644720983
-3.630735078777747,2.9348124124468904
-4.532276656738781,1.639091818256288
-3.457883850268134,-4.950116677379066
-3.102958362899125,-4.950215687612792
-4.950371611687844,-4.688162712619635
-3.447965942708355,-3.3833883492886705
-4.600197391558281,-2.863073066716619
-4.9507192831807725,-4.05890339038995
-4.950503875164774,-3.6619154292751306
-4.429661263099151,-3.451877028686618
-3.9877245057318045,-3.512203776068878
-4.914054668355982,-1.8165296099902055
-4.950165146242845,-2.3223367566432254
-1.9577063567327555,-2.5494793013245087
-4.434250767690219,-3.4529875910866403
-0.11944980313469929,-1.2117161982197575
-4.466274101311314,0.1297147314508207
-1.578224512761654,0.6813416304915353
-1.3595755656306674,1.651744712252175
-1.536149931771594,0.732542319763958
-3.9752234781008338,-3.498230399809162
-3.371056952916773,-4.697579242846614
-4.5106161228438495,-3.523768019240621
-4.511859840496262,1.7313404149582008
-4.430278378911361,0.16035109004834153
-0.9660004403780208,-4.950206653537293
-4.950295539817643,-3.7856857386043923
-4.950559044543255,-3.1858600803624024
-4.510588350154079,1.6823792294065527
-3.441064311588282,-4.950077461309572
-4.950040321735661,-2.280416606654659
-4.9501612981779015,-2.3109679459454533
-3.290655305955757,0.8457072480099387
-3.662079820461512,-2.931347887066043
-4.950390508774194,-3.6301407140972515
-2.6166306390528824,-3.9198945679771784
-3.8733835985555616,-4.950186484292199
-3.0599932078776617,-4.950088141602521
-2.2303731519001038,-1.5728864035555123
-3.342696394013972,-3.278479472074433
-4.950583797525309,-4.154046593002803
-4.950009157652332,-3.1311925020993714
-4.950252666618522,-2.31533461736423
-3.3325124356594156,-4.9500914538329255
-2.981867512655374,-3.527564406404613
-3.9110696306657933,-1.663814026229108
-4.431577479404208,0.15974340602617607
-3.116933756486353,1.0352310413932897
-2.4611759249942486,-4.950461697621061
-4.9500606718912765,-2.184867509655327
-4.028303327126891,-4.950134551880569
-3.4396637743426903,-4.9504079755243575
-3.528881609111524,-4.3326264742936225
-2.769150041656537,-2.933810273294037
-2.453399745404691,-1.423856379429643
-4.624899053113689,-1.791527566372216
-4.950442061412663,-4.549270369480165
-4.950391475936855,-4.732923695341899
-4.39092694307347,0.14931977956072542
-4.56613671896522,1.7276343927569018
-4.950159648153243,-2.9263742745490364
-3.407834899677459,-4.950030005154286
-4.509941758887895,1.7677084774121057
-3.199288750955342,-4.235616981740276
-4.393098176539738,0.35507867798583115
-4.950202049856709,-3.5471476474182957
0.7964320025557692,-4.950008771004707
-3.3641171577804063,-4.95018669668155
-3.507481310801693,-4.9501375779380465
-4.407406049751724,-4.950164352030685
-3.056957276495031,1.0343683243785016
0.9327884389828306,-4.95002700325512
-4.224064805132809,0.8210331728141016
-3.3801264503701387,-4.950046431423892
-3.509828670516534,-4.306529104535032
-3.4969592033353236,-4.9501193988730705
-4.558878099226296,-1.2860307749821043
-4.950040983017396,-2.5913655092055885
-3.4074992591978552,-4.95012094732663
-3.5108747843044137,-4.30720009200514
-4.950064100856714,-2.4948947836985784
-2.263560575131351,-3.7098450314896305
-2.022639214036095,-1.7115844305903545
-4.950230338781592,-2.8332150290367637
-4.46348707908058,0.1335408048542323
-3.1570771339314807,0.9866720207018479
-2.386125875018186,-4.950171927520288
-3.057173032462713,1.0895300523175409
-3.5529691537856305,-4.950107584396158
-4.428032955014249,0.1556140933339932
-3.91083160434508,-3.9495374144219135
-3.1320584759964927,0.8852845434042684
-3.1729872569274074,0.8409173117762819
-2.0225473509254823,-1.7115409327469282
0.914711031905145,-4.95001301273108
-0.07055319259335832,-4.950017128683678
-4.950035790674418,-3.921266888875434
-4.950115383845165,-3.667714402549924
-3.5265002153493037,-4.950269604104185
-3.054188396618988,1.051942172640983
-4.500315162764318,-4.950438197928758
-4.0569090976400695,-3.9361163710913347
-4.950046837385834,-4.451017378832723
-3.779182979779222,0.3442229787978356
-3.6357997213825217,-4.457535714748752
-3.6998331517289165,-0.06789923383631488
-4.55298319884035,-4.9501566108188575
-3.7067093673319054,-4.356544326347617
-2.859051330668048,-4.950011022849269
-4.050556805674724,-3.9831056483772063
-4.539933097716438,-4.950764299918105
-4.35199010368504,-4.9502167407896325
-4.258946937757093,0.9359230232014557
-3.0912575314179707,0.945658255733801
-3.923088961430998,-2.1812769493499364
-2.026346905011127,-1.7089020918376299
-4.95004404754991,-4.166900179793063
1.0334870199686392,-4.950001723746139
0.7918879587843886,-4.95001802226585
0.7936326237147346,-4.950006372161978
0.7936303688527298,-4.950007136757064
-3.6356299914012506,-3.336060084554387
-4.140608113604899,-4.95006495307038
-3.6591441656990398,-1.0308935919444662
-4.220865596095652,-1.2934990303142275
-4.950219961141578,-4.069384497273618
-3.318867956110166,-3.4025836161271585
-2.6040333280380152,-1.323991668531668
-4.950006257259136,-3.2619906117366466
-4.274119267769412,-2.3918977462078614
-0.08639770373987676,-4.9500027326222815
-1.47300957826392,-2.0779267440574447
-3.720670642532913,-2.5654199227766994
-3.984168608934431,-3.765863968578541
-4.950021123962824,-3.708218989189851
-3.437200197594191,-4.9504890595862845
-4.9501093110209995,-3.8046686943111077
-4.950073068116987,0.29627597951487483
1.0085355062466093,-4.950004441578527
0.7919466210329215,-4.950002569071861
0.793632297781254,-4.950006482758825
1.06214455875098,-4.950007535439811
0.9812994779813068,-4.950011163873598
0.8633048807248488,-4.950006382981599
0.09972163217900422,-4.950026186512933
0.7927624376545498,-4.950015726387808
-2.9554382220174777,-3.872950760878819
-2.0885528088632035,-1.667644409537097
0.5889943839913209,-4.950009319994967
-3.651115862972467,-4.9500248676523855
1.2227653646257222,-4.950011201480827
-4.601778842401213,-1.6514387045413852
-3.586927906759919,-3.859565007096856
-0.5381606201419046,-4.950030374676925
-4.9500160545475085,0.9410703545507676
2.989493278516943,-2.048858547553371
-2.844342738043621,2.323426562230141
-4.950178940876897,-4.52963871519102
-0.6906039177272832,-2.5996813756095722
-4.950281866830668,-4.282070677914252
-3.9376251382898153,-3.6401988913648147
-2.844345718216199,2.323491700397437
-0.7112737908464446,-2.585904930137129
1.1028116395407201,-4.950045763782882
-3.8625035246985124,-2.918854642707465
1.0338861186583836,-4.950032889006672
0.8627704684213897,-4.950026292394243
0.7936026725136125,-4.950016429034494
-3.9283523949066264,-4.34366353487189
4.466175453650536,-4.950066242866499
-0.12524047600439242,-4.950003659035404
0.6895713964504421,-4.950012109435138
-4.950100895366679,-3.1565799484803136
-3.4161801387135173,-3.055217191877919
0.9794636257208151,-4.950032158512533
0.7552910660438901,-4.950001037635135
-4.037752484282595,-3.5290004386496605
-3.4381234492977146,4.093599589299492
1.3291160698234077,-4.950007619611793
2.0798479094172704,-4.950035254817462
-2.550690316519585,-4.5142460739122905
-4.95003241312974,-3.7392741612572347
-1.1355029952749998,-4.95006380834432
-4.2292702720389945,-2.9017060655461537
-0.7106698697886508,-2.5862264358683285
-3.587996827644234,4.080803392586721
2.1369721337830323,-4.95006492899863
0.785575185359156,-4.950017934320764
-0.7464680551652534,-2.5621925955879887
-4.9501392353700995,-3.731149724430443
-3.828729728662542,-2.9474810110848617
1.2435091443622346,-4.950016633313672
-3.8706484529036063,-2.9127171871003124
-2.685539118827768,-4.238141048964215
-4.950064405454975,-3.290482388262231
1.0416373518906625,-4.950031458225796
-2.982417569030987,-4.257129747947178
-4.950019442421293,-4.847434406651477
4.950239513195042,4.182285108041568
-4.016151449409699,-3.6877156488450558
-3.498942486732058,-4.311358185261679
-4.950108782118214,-4.422461565711393
-1.1785184473376742,-4.0328546218535735
1.0410191157537867,-4.9500220675094475
-3.5505596418268675,0.9974617519521125
-1.3659110771490033,4.5411176714992605
-4.155974645888688,-3.6611542184449983
1.4485059600132415,-4.950029268173658
2.140538753152604,-4.950080982918392
1.761459698227952,-4.95002325258871
1.9531575273279382,-4.950000324385291
-3.8895304272243543,-2.8997305786186067
-1.7329873804953206,0.9665696851388946
0.17530742578933037,-4.950004804507784
-0.7075328284868567,-2.58833899134567
-4.950054227977567,-4.0130740922199255
-3.5208412303361825,-3.115767083624275
-4.36646160097095,-3.8676283955585387
-1.5203714511919642,-2.0465063305051614
-3.946647058965727,-4.950208103533253
1.0335236514141315,-4.950021738484978
-0.29632027518296555,-4.950006956670691
-4.950034945740924,-4.3439099568413955
0.9729404253358694,-4.950026001416922
1.6283117951309911,-4.950027194273596
-4.950016092007159,-4.078641103777391
-4.039977344138567,-2.567598433231769
-4.19408121995967,-4.95012458913669
-1.488475302939572,-4.600807643836937
1.7438050712196838,-4.950024377487203
-1.5200056077736703,-2.046643588286673
-0.7094591521054312,-2.5869762152977858
-2.2413154364819516,-4.5509052633732
1.8311710236597458,-4.950067006298545
1.886610060668322,-4.950019325427064
-1.3615609755823872,-4.9500160149321095
-4.950043054727233,4.358495605475501
-3.0493285030853734,2.007975909741896
1.202244210297875,-4.950026141338185
1.6770817041576962,-4.950007691388755
0.9005928496178264,-4.950023072368923
-2.8724348969472637,-4.388480545692801
-2.7501440329917,-4.950097440119228
2.1896549555098233,-4.9500319287491745
2.140384366198489,-4.950008512848356
-4.5030212487829635,-3.4583681797846912
-4.950063399371157,-3.1228666509596663
-4.142607436190435,-4.207861650208073
-4.6090147182423005,-3.6635278777427147
1.9480976573507733,-4.950007852456661
1.7645231886516846,-4.950049018524865
1.4572981749739111,-4.950048434718149
-1.6007206099939957,-4.950031092245923
-1.3696794932163892,-4.950065596941347
-0.41970438392093806,-4.950039430822904
-4.95003127879041,4.3586199362365905
-4.950127823418428,4.132506348508097
-4.677632488952235,4.950082558049812
-3.0165385487404195,-1.0488870283315448
4.950190903813632,4.1823242489257355
-1.3675550156782443,-4.950000670845481
-0.9444052163600576,-4.950042248252212
1.8866851277671364,-4.950039821312089
-4.950007798959035,4.415739425869191
-4.533648983172271,4.950227416238815
-1.5760876638706647,-4.950134604646298
-3.492906319384973,0.48355524304062936
-4.950042874995419,4.359991800302107
-4.950027210079797,4.360387691213619
-0.6899810852411636,-2.6000270938971632
-2.1718914315563227,-4.950255053395709
-3.9327536517952657,-4.440896480049533
-4.637272166953063,-4.950010580080177
-1.9748000907266754,1.013775993420879
-0.7070268512088937,-2.5885998338596887
-4.6262538525757995,-4.645923190744571
-4.950213828609906,-4.574895615028033
-4.95010559905329,-4.011025314546567
4.950196883010207,4.182320327361229
2.367236788557838,-4.950037797877175
-4.664971547194001,-4.950040350946043
-4.432286506054732,-3.73405868246717
2.0159974236093703,-4.95008129629142
-4.950110004646752,-3.7255320055779086
-3.4976618853357793,-2.431059823931949
-4.292682329297623,-2.663262733926917
-4.950050919511238,4.309828954638904
-4.950220818186286,4.2932488929136525
-4.918643285099023,4.950039395816667
-1.6220639089541178,0.9488976487607563
-0.403642108022411,-4.950039686795576
1.7617128835408709,-4.950046098758486
-3.2572932206149208,-1.23362432620887
-3.5330288599230344,4.582262872695946
-1.1239153770210886,-4.95006579794989
-4.950013689609251,1.2017463872988774
-4.572728079392954,-2.5981963780076307
-4.950003437641635,-2.5232596771763682
-1.6126474491194889,-3.900446807332208
-4.199234632018983,-4.950005643701455
-3.494467429360196,4.566348257428535
1.761350806996604,-4.950023601306415
1.7623449549824413,-4.950052249363149
-4.651192164634624,-4.950031644016614
-4.950193151413488,3.914055074599436
-0.5480455213578402,0.7063845176718119
-4.392030264115617,-3.6737116707563424
-4.678741709456523,4.950137923559127
0.6690636145855406,-4.95003123390863
-4.950039561974765,-2.575038257667268
-3.6829344611921195,-4.950041154028727
2.367630633339734,-4.950050579264982
-4.425038745509555,4.950034326832925
-3.8009059406057513,-4.1288113069487
-4.6917284232629,-4.950161946363304
1.6272569231459146,-4.950028658468674
-3.8396538110898506,-4.175403596869349
-1.540710125350348,-4.8398316948689795
-4.950065286638164,-3.9256230374638985
-4.950129757823367,-3.005310808337637
-4.950095963857874,4.238632050312273
-4.950115548383645,-3.7134137113332883
-4.424540234058875,4.950182038553899
1.124887310881537,-4.950016571687249
1.9283150710399082,-4.950040685619922
-4.575551837668561,-1.4460082470727655
-4.548931073589882,-4.950162647200953
-3.8222854501570565,-4.950108249923429
-4.950015757695965,-2.4993294468958798
-4.777509563282158,-4.950080785389629
1.8321160361680973,-4.950036444695589
1.761940526359311,-4.950042930148059
-4.950004981864268,-2.2834023570933493
-4.296592317396422,-0.4611983007460721
-4.168033780063227,-4.950005688115218
-3.8647074578591543,-4.950110310993422
-3.8583181154143,2.7928739029826426
-3.030262368770447,-1.0395376224375812
-4.286403462809796,-3.257618653723094
-4.8700149652798075,4.950301610437389
-4.950179187674704,-1.8399029979519321
-4.723401524936376,-4.950049550513393
-4.008416320662286,-4.950214553547294
1.8244111640900016,-4.950063432531764
-4.950164588234502,3.916596916720584
-4.302220611325967,-0.4462891443242133
-3.029532801431359,-1.0402410784775613
-3.88214300315319,3.288940696055224
0.8904399903060244,-4.950030784940752
-4.950172662872505,-3.416953628038692
-4.950001697521844,-2.350765064822145
-3.5996152638161165,3.719340248852537
-4.194225116252327,-2.309041295579128
-4.950195867300382,-3.417319794113409
-4.950108686962373,-3.000301892959697
-4.950006741508407,-2.814967573094678
-2.6156772034221114,4.312403948341955
-2.3995559693080906,-3.886050103354893
-4.636344767035647,-4.9502181023128236
-4.726800714909538,-3.2800948380512387
-1.6769540015150077,4.074577509120126
-4.551065208213361,-1.3659730976286055
-4.950144156519184,-2.3203689906242917
-4.248588254671351,-4.950067658737076
-1.3869730783869596,4.509325251742095
-2.134573692419312,-4.5224598953145465
-4.424981652834597,4.950140964532662
-4.950055581466876,-2.9522775802833863
-2.585044528411795,4.319311541057845
1.3273556545392342,-4.9500000839321565
-1.3871291029835329,4.509422643562668
-3.1021861556020647,-4.334936643656879
-3.4332474181897834,-3.7366390688486257
-4.950183255617135,-3.30390573971082
-4.460507970793123,4.9500920607860435
-4.950048559015177,-3.96317383500936
-1.8048935121911653,4.2534387104721265
-4.95013930069844,-4.031795046078329
0.8904399554939179,-4.950032462767037
-4.9500672526130876,-2.8530610230879745
-4.950118306273609,-4.050259569675121
-4.950337630879145,-3.539787008961408
-4.950237452885963,-3.5471322993142285
-4.769964481528809,-4.0185159234166745
-3.6020849350730733,3.7297369831432587
-3.8468725591513153,2.645315453621066
-4.25050722765447,-4.950036932367341
-1.6320892721543467,4.470426880627766
1.9266064113743808,-4.95004412308237
-4.144103191039302,0.6248625785103726
-1.623412568538653,2.03102530663922
-2.1756607036321176,3.552126854473433
-4.950001377948456,-1.4665826388997123
-1.387026176024019,4.509392821468682
1.0821867913786447,-4.9500166942891966
-1.6627844743842781,-4.950053064933049
-4.950317283452388,-3.275878125511203
-3.5889826134137937,-3.908579431001002
-2.1365618809226823,-3.3392273746712826
-4.9503501267276295,-3.1640043737782757
-3.8087351979448307,-4.284004226772218
-3.6291821876556107,-4.093889677365362
-2.5438749884084855,4.328123841141747
-0.3776894830879523,-4.950087261539492
-4.9501461856307385,-4.663669392844801
-1.6769959170024262,4.074574599244242
-2.547280436790968,-4.531985320643124
-4.950223166366528,-3.2148945163436444
-3.7261863111408586,-4.746820326820664
-1.8463804523520602,3.8204223729445177
-2.813071691370329,-4.950148347402974
0.08005681975958835,-4.950018112808615
-2.0065723696861895,-4.385169946049815
-3.721179322358615,0.41013466103832996
-1.8474348270702086,3.81875466682633
-1.988540340991497,4.486679444776717
-2.182766955026561,3.538748090694101
1.086700488836064,-4.9500117408075
-2.987141030093958,-0.951726659177124
-3.587989190991383,-3.8317543738455586
-4.950050607512896,-2.706823452084614
-3.637903131271118,-3.8805097089598153
-4.950062439438962,-2.6201826164560007
-4.950130251158522,-2.7294825735415587
-1.696497255681925,4.051352250488037
-3.9143496921081855,-2.059716556871015
-3.6570809612551485,-3.936745385183515
-3.6380369313445864,-3.9135522758855132
-0.4500126196522652,-2.759984838426592
-4.95000258733983,-3.7764159348551707
-2.847580169678,4.644248366798592
1.9468998418919479,-4.950043015535289
-1.3870529996081045,4.509380417489899
-3.6291074385115274,-3.923077169519794
-3.50335064502501,-4.106221867837447
-1.6671755158575094,-4.950061355026423
-1.438738670500389,4.431796813345034
-4.950035557295152,-3.4645589092931637
-2.0201654833619678,3.8520166073912447
-4.950003371033633,-1.462305622138411
1.0991181065375788,-4.950006545405556
-4.950060734395557,-3.187619973903679
-3.031589896089347,-0.9613125718970598
-4.792914381869734,-4.950120568536093
-2.025353579678761,-1.7097399342699102
4.6883301328349924,4.052291467040969
-0.3082109926602574,-2.8545042317931864
-2.0319904816465706,-1.952861901752504
-2.4521985698630435,-4.499742125993075
-2.9871642206712417,-0.95185491932376
-4.950061219331237,-3.4620180358754564
-4.171813950195206,-3.6414901189434
-1.8294775407757413,4.369192639000321
-2.1788924148215205,3.5452829779548107
-3.5751410449753136,-3.8435819411237437
0.39760976297716444,-4.950009212024771
-4.393444709919933,-4.287018376315919
-2.660513867123414,-1.440092819912741
-4.310872172427658,-3.7370892955129156
1.1169214529276006,-4.950010302550745
-2.1548700677193393,3.5905237971865818
-4.950063092558514,-2.885384899531232
4.931844749385423,4.315055238438583
-4.95000090164876,-4.935958313860519
-3.029519942322483,-0.9596633130493407
-4.950131597562572,-1.1507559859257916
-1.7088024433408548,4.210787147765894
-4.950152358000523,-3.1773802831520164
-1.687285027058075,0.9558877111874128
-4.696593416724849,-4.950350430947514
-4.950182075916109,-4.112568169934915
-4.950207164026576,-3.179909003747432
-4.950031638692667,-2.7842954069687464
-4.601682060292262,-4.950123095959186
-3.577404185038139,-4.950050703557081
1.4344604231728928,-4.950013111343837
1.329203273236332,-4.95001308406795
-0.33944825838621057,-4.950032287303018
2.0415228131268153,-4.950002384850883
-3.7706593192880966,-4.950159815537236
-3.02748392352945,-1.0417423800487269
-4.950020795406606,-3.8579517379758457
-2.674920164592853,-4.950010689263494
-4.9501345815640345,-4.422205088863675
-2.0162293509312406,3.8584311728218887
4.571456299486415,3.9161240901317766
-4.333777661787937,4.950182086345499
-4.950006824971807,2.2410332134136395
-3.8645018312601835,-2.9983928453150765
-4.9500425775662755,-2.6595263627205905
-4.950077846692321,-2.627322887584982
-4.950012280812315,-2.6172750966201246
-4.950019545332096,-3.917358664175188
-4.950145755797185,-2.9734111806037067
-1.8423819296918518,-1.831835728449648
-4.232739824310025,-4.950213348888946
-2.556266063276154,3.139001625194112
-4.9500672413588624,-3.9620786171115845
-4.9501611072865925,-4.217219437817772
-2.0180144030887286,3.8549577995311846
-2.7941510035889583,4.461866609450173
-4.950179764991136,-4.903077520422546
4.814113064337333,4.198654177827516
-3.1399207311647124,-3.831369951458269
-1.5546243664548602,-2.0235077794017506
-4.950134309278124,-1.141676137521958
-4.950116509200244,-2.740598773482667
4.931785207871694,4.315018042424467
1.8312263020074295,-4.95000918192488
1.9065489229326755,-4.950025874173799
1.829650433619389,-4.950021293010435
-3.077951874011381,-4.9500051943984005
-4.950125596271635,-3.5726351441136894
-2.0862422909052327,-2.491948411665341
-4.950015876743254,-4.372195324781341
2.147578298082929,-4.950018657152673
2.072724729533435,-4.950065148702583
0.5987317788069836,-4.950021155625033
1.829857144498003,-4.9500301019439075
-2.15189332114585,3.59613173004254
-3.540079509066256,-2.507492677172946
-2.0253704953577802,3.8412551274401117
-3.388534801160479,-2.699385288428455
-4.950144777283389,-1.142914557676281
-2.4523536254357285,-1.4251279075588597
-3.6114373224661125,-3.6936477502895593
-1.9658211298861201,-4.950066692181045
1.4318791387020737,-4.950010858767058
-3.413944545049282,-2.363936903489949
-3.016411868457477,-1.0490615882596548
-2.016279548872081,-2.5142245313992087
4.939418683246914,4.319581371795648
2.294148844453436,-4.950005442871217
1.9064430924703737,-4.950012362240309
1.829650509195586,-4.950021298521713
-2.996816780075003,-4.950034839423652
-4.950160318669189,-3.3986616778814684
-4.469935706290156,4.950228689175426
4.937447780346543,4.318442358140778
-2.9858121537460143,-1.7242990457034852
-4.950032916565919,-3.0576481589091937
-3.3864956489793236,-3.659405331375826
4.950196092491351,4.303487640062198
-4.950012004207401,-4.430501872572149
-4.950190323416113,-3.6573817950571144
-4.950215938341406,-3.2399257138584785
4.696650021919018,4.026852747208866
-3.6835183135169673,-4.423596654516256
-3.5420357192340797,-4.950072906056637
1.2879091259915474,-4.950001453222019
0.6915936767238076,-4.95003062542398
-4.9500140068314735,-1.064789088250956
4.939393693806046,4.319566886061784
1.8011750021572797,-4.95003084135928
1.8162301653152306,-4.9500233270205145
2.1087893401022644,-4.950062448725768
-2.72507373508149,-4.950055848128628
1.715644951708656,-4.950005715471182
2.293766633162414,-4.950010239194469
-4.607429769470406,-1.6693109990727883
-3.0321150505154804,-0.9617428285452667
1.9135240480229305,-4.950022999063036
2.212848064562851,-4.950016691986115
1.4835860076487752,-4.950017944271412
1.554571718978168,-4.9500142563764875
-2.9964339140122584,-4.950038068359937
-4.950013044944322,-3.9162808774205393
-1.4605837265380923,-0.45847127636375123
-4.950185307887912,-4.1601091532710335
-2.454282656781427,-3.1038982148700427
-4.950060223225204,-3.8367685198199637
-4.950173206719675,-3.6807108612765926
0.8370954592252089,-4.950024744944624
-2.0298467195731558,-4.950011318644571
1.829321983267821,-4.950037679396627
-2.0350007844770457,-4.950000932271696
0.3341675866399277,-4.743326668427232
1.8296265912147742,-4.950019505734492
1.7160402797801295,-4.950001285279442
-1.8930101366040577,-3.670297529479783
-4.950043406980072,-4.205070115422722
-4.3905587728464415,-4.9501028448467155
-2.7895369978491695,-4.950019405677839
-3.9900852823155946,-4.5402807471626
-4.259201157689474,1.0424988487629108
-3.8818586685543144,-3.6881686883072344
4.950126433578941,4.42391302422944
-3.155769591958088,-1.8386073581852334
-4.950034837192172,-3.628387403678513
-1.8954722127638683,-3.6734523444431235
1.8000240112300636,-4.95002815513887
1.2340521142704564,-4.950000769017945
-3.888540868579726,-3.111975805731664
4.950070408254299,4.325111576763095
-4.774289760708869,4.950030686806717
1.9575956661681577,-4.950022005606067
1.7995720596667661,-4.950034341524584
-4.9500946278415565,-3.8506931896968246
-3.1931655662697187,-1.8606339215066712
-4.2733239927356585,1.1010292402856854
4.950104165412065,4.423900568320991
-3.9157231212549575,-3.848517367134352
-4.9500453175012105,-2.146100949498139
-4.074117870339432,0.8464573844144085
-2.4775779233903052,-3.6307378504156445
-3.8361924178958775,-3.8098207499021126
4.936023591553827,4.317602318537145
-2.717460779802725,-4.950057123861831
0.6598902044751549,-4.950008311625781
-1.8941669435618402,-3.669906404912567
-1.8970277195048226,-3.669192764807627
1.8587720933931648,-4.950019581541864
-4.259003780157479,0.732936555944261
1.4828845858191697,-4.048530606219693
2.377108233154063,-4.6446697698019435
1.4770177670539641,-4.044683188488611
-2.5552253040592636,-3.15090455060681
-3.3552893030317827,-4.175249483757037
-4.950249323672511,-3.962316150166008
-0.8347473683850033,-4.9500131804079395
-3.9579807754147476,-3.693506561516223
-3.188289160772719,-1.860678945525034
-4.950024369895682,2.8681567718075507
-4.950021727213658,2.8668548111452496
-4.8435543143827715,-4.950025478455159
-0.7382427942061253,-3.011912010164743
-4.950032004018394,-2.4521070164973877
-2.9463670291376807,2.9925515184614495
-0.44792519898507377,-4.328449733879099
-4.95002016179133,-4.102444051447029
4.950138226969774,4.423919550251742
-4.183740824826928,1.1960749516929854
-4.1883918217578895,-3.834148888222528
-4.689763899246951,-3.6947446213065196
-3.1913962492675316,-1.8616669099039809
-4.278271526538889,1.1225845275217674
-4.670308329760248,-3.6963566768583482
-4.950468312807487,-3.628545040050956
-3.263167394511217,-1.8210500672806926
-4.606935544582591,-4.950087854448192
-3.130715702667844,2.2523819323948975
0.6980407681608226,1.5116040118145184
0.5799854680711363,-4.950023807582859
-1.8001576086562212,-4.292314141951965
-4.950021770612308,2.8363471292984768
-4.950001670478812,2.867478226025986
1.1548320910532057,1.9102084960668952
-3.0497587195676523,1.9969007887107546
-2.4541270429536475,-3.234424145824906
-4.950110240776458,-0.7175151036659289
-2.8081856711069717,-4.355386068571272
-2.5195130476489513,-4.9500179691088615
-4.950418133414369,-3.094336414271889
-3.349016340618336,-4.950415561560748
-2.8004729679314786,-4.544644058184844
-1.4600604793779315,4.399816925571537
-3.1552332803707808,-4.950078527656404
1.4780801610752723,-4.0454554565206955
-3.793116388397515,-4.9505089164925105
-0.8055867852474058,-2.9528058592966357
-4.950112238796292,-2.450381935325923
-3.0492827232197666,1.9932504363632544
-4.9500872152961275,-4.2568241934501785
-2.457573159454401,-3.5144423003360536
-4.799091060436311,-4.950173976355948
2.501417132680787,-4.7275819214903
-4.950218823117404,-3.748185637896579
1.4774948278144249,-4.045076904292235
1.4768070333836367,-4.044502311144345
0.6722268082780996,1.497411349674426
-2.864381516707458,-4.343250654994866
-4.950326614650046,-2.2778647795431053
-3.703726418988221,-4.115374075862456
-4.04502437746972,-4.2017591509093135
-4.950025794663808,-1.8971016499937652
-4.950031871387875,2.8510019657297803
-2.369055460964367,-4.412056315269697
-2.4317289496949286,-3.3401234728873352
-3.9679240144900527,-4.100574277966126
-4.191197746131126,-4.950258164255537
-2.4402305928177963,-3.2343748964192214
1.5413479044027911,1.4092849442221047
-4.9501277740428,-0.8045870613771776
-4.847056820434151,-1.5529520906046221
-3.3613235919726363,-3.668402363100222
-3.71782116309791,-1.3315522627894303
-3.02890737520306,-4.950271153481541
1.4762642510090103,-4.0442192556635215
-2.4532431206527145,-3.2331569859111777
-4.950200857751256,-3.282805908055865
1.503091637929729,-4.061970926880394
0.6990953449247098,1.5121727248200327
0.6885686486215545,-4.950029892900587
-4.950010563546427,3.714519384433402
-4.165131763757971,-4.137192844615247
-4.950002183705536,2.8667049345120894
-4.950047892754295,-2.950370434096046
-4.665674340303643,-4.950033341785915
-2.0473878762047946,-1.6949741563259904
-4.206299628022402,-4.950020110258277
-3.6764465506396014,-4.950006389233822
-3.8403612898489414,-3.7511749252142064
-3.8332600619521697,-2.4294392403392973
-3.327883294191406,-4.261755888178573
-4.045109414240962,-4.2019340928916336
-4.950158049586518,-3.573778633489557
-3.6831745712878665,-4.249326093638007
-3.03653054675988,-4.267044037129987
-0.9609925966509013,-4.740904453568413
-2.8331929343966067,-4.950059105018176
-3.057485716148396,-4.269129844924594
-4.194121595753092,-3.937142412167317
1.4777869699495565,-4.045158844503346
-4.950025775782251,3.714533289495087
-4.950041364352276,2.8683904182217588
1.15498920518921,1.9104654068211704
-4.950069715271987,-3.7836401866775096
0.9086917315713239,-4.950007125157111
-3.9542719427894437,-4.0830123546428245
-2.1306395084421927,-1.6395495151790183
-3.04429075868011,1.9769435227963068
-4.950180711321361,-3.153378510523279
-4.035739864890685,-4.950034521065305
0.3991033720690828,2.9695451410511398
-4.142794352029336,-0.8641293178702324
-4.2674779070551105,-4.032962482438238
-4.320869928173877,-4.950207242474085
0.24180099887131926,1.3459325714713744
1.4776771854711264,-4.045173213724316
-4.950068435032735,-4.609100001763652
-4.373757313235107,-4.950027142101527
0.5924809027772248,-4.950035587884925
0.22979565292252635,-4.9500300130074795
-4.950238745971901,-3.481458447011943
-4.316088913634921,-4.950020792908128
0.17762324308315333,0.8787165017266391
-2.190844992032184,-4.950032757713837
0.5849765869777044,1.4548770043413113
0.18228139237407892,3.150421664787048
-4.950029624589589,3.820194202737323
-3.9687042014541207,-4.045367107449782
-4.9500991137231525,3.9365743538864777
1.0659945190978972,0.8429762433322754
-4.016052523197768,-4.406060956773022
-4.191727285431411,-4.187954516210701
-3.864374913019292,-4.009954592140244
-1.4553299668737592,-2.089319675685711
-4.950384547995921,-3.398579128495596
-4.059116934723711,-4.133277780133662
-0.8694575584638774,0.41121835879439506
-4.950125817481047,-3.7491291175555506
-3.9584420873859374,-4.077857784959184
-4.950147684074716,-3.4814997745961107
-4.0020872768133255,-4.263884994771222
2.7282830352228005,-4.950005202430903
-2.631832902043591,-4.9500159025184445
-1.9616907852954861,3.647297745707759
1.4878034915345917,-4.0518403870467505
2.170602636513924,-4.507152623687299
0.6722130085180841,1.497408475496712
0.9099706474763735,-4.950095568804127
0.33953922167755085,3.0201882468080363
1.0701834585811876,0.842992503485119
-4.950003169739028,-2.314570747587159
1.6492040423552279,0.8756214749755798
-4.950000971750319,-2.036680186208897
-1.6519809731535409,4.95012273122816
1.0053743065379408,-4.950072408619662
-2.078382201004609,-3.67772199384652
0.25840723334151905,1.3495720323514453
2.192150707366529,-0.6412164724138304
-4.809356064032436,-2.1237621210456696
-4.903078926656547,-4.950198687741663
0.6462259159743116,2.7472552089292175
-4.95013752289878,3.949268237183166
4.950006778321565,-4.51305558609208
1.5831868325614595,-4.950036364976604
-4.950090733413762,3.717814881979338
-4.950014727022484,3.686861516213294
-4.950096493145366,-2.989535612249128
-3.0951556287197786,-3.0824491652132755
-4.531825084949776,4.95011769567723
0.12378354749079734,3.2006756033669923
2.662350930284436,2.020443534629178
2.284203962092943,-4.582775508009224
-2.9096062591624543,-2.9296491566745977
1.1226434179411182,0.8428652104231371
0.6694374789098452,1.4807439754496567
0.7954068361248178,-4.950089497294995
0.9091863297909312,-4.950031308156322
-4.950212528004917,-1.5070908287922264
-4.9500307767862255,-4.525696878737067
-4.950140123759591,-4.162019364340738
-4.950046065542997,-2.2831893275150468
1.131381642756293,1.8597178944008448
-4.950126867416346,-3.312140246875832
-0.6972688953204664,-3.8269831563265373
0.909616266204441,-4.95010901226088
0.5906907353871708,2.793672045575428
1.0680179893484496,0.8430345096386439
-0.04619001187307959,3.2958759115269562
-1.6893719410505832,4.0559065523119155
-4.950039306044817,-3.3591624166003817
-4.84605569406509,-2.963813895980851
0.9099711082924917,-4.9500887289317745
0.33954802288759617,3.0201855762333305
-0.1470129675387567,3.3826339503527487
2.6625875943964563,2.0202563398933484
-2.6158064334820437,-2.6782343993322155
0.23397564445426236,3.1339186198233984
4.950322979621044,-4.527346117341378
1.5969162516439976,-4.124659242258334
-2.1520897080858425,-4.950069426903009
1.2886180387862778,-4.950132112809599
0.7120274667482761,-4.950060501574978
-2.2024190743729295,-4.950085786854791
-4.95032904841088,-2.7724346163175
-1.7163611100272764,-4.234035256889569
0.2658001262175068,3.0812886624778706
-4.824020717631457,4.9500035434447724
-3.8621520407406034,-2.423004742580623
-2.723691022829233,-4.950108890726015
-3.0915748435438073,-2.63784963319042
-4.857138947495956,4.950220055258519
2.709132669320034,2.07855374633418
-2.143875282569781,-4.950062710102911
0.9092899185814134,-4.950087694534639
-2.8972655326932664,-2.8560591980354957
2.6748755659730508,2.035573428163116
1.9892486292594884,-0.8817515571962949
-4.733827412798342,-4.9503948951300805
0.16601715664856517,3.1953653768978527
-2.4927547587917114,-3.1505563277799506
-2.637735645879869,-3.5522615975341565
-2.765532305428331,-3.735395239673709
-1.9667448088512722,-4.9501195195974725
-4.950013663102826,-2.626975816398938
-4.950029143051531,-4.334815773098134
-2.622329794096163,-3.7012014271013367
1.1766942012937367,2.1923404840212246
-1.3957015901243224,4.950048543829049
-2.6117372922765383,-2.6399576683497217
0.432035070881625,3.0322965506736885
4.433789048152313,4.950031359521273
-2.616242294106712,-2.6661546458482794
-0.598208884730271,1.2505874202820715
0.17483334143346688,-4.950048962766829
2.3077512304876517,-4.59839696502231
-2.9193702527529877,-2.928126701062121
-2.48346973253039,-2.6865711903479057
0.22218752494576116,3.137929283985993
-0.13411107832277114,1.2535077711966707
2.198520598745309,-0.6333391511644517
2.520078588886192,1.8218854097619819
1.9130703591725762,-0.9546196018543638
3.0887435160128964,1.3201905420696272
-4.950005048792832,-0.05105842645977804
3.170425129289507,3.0661063980480034
-2.4524572525130686,-3.0235133698457175
-2.349505686630399,-3.0320667978889233
2.3655689504155566,1.5628262496155814
-2.7470287663131945,-3.7394630262821114
-4.950191455442178,-4.618277463343822
-4.95001054388511,-3.7290018015745305
-4.950025876195948,-3.7854478424202083
-2.9671358886135843,-3.7865015668452155
2.397220436636345,1.620260449954285
-0.14720505151637772,3.6190667489750603
-3.71314157296766,-4.085680735375867
-2.9665558061695627,2.4131183097511624
-2.968150326368662,-4.889301498554924
2.5161628674045007,1.8164903373228196
-2.7476978748632366,-3.739402535255113
-2.4610869782221716,-3.029691422282376
3.169350193311067,3.0656789039316124
2.2206762970969556,-0.6016052050739552
2.518364804031541,1.8188071015850131
-3.7602209148014474,-0.8427607014914024
-0.31575562584877825,0.076359784488401
0.38687348562325236,-4.950001125107746
1.0060249763176772,-4.950104726783537
-4.950122640784468,-2.881521778363522
-3.4916048663386228,-2.328471368472601
-4.950000197930842,-3.6325101398324087
-4.950001391014674,-0.5660842179968181
-3.037783321181886,-1.0320885279015022
-3.0383847142064515,-0.9679632069809418
1.0019609706287675,0.049938993626201404
-4.598581760419829,1.8912863003474587
-3.0340715517073824,2.5069304737610856
-4.950131003655477,-3.230475004303958
-4.950123196222019,-3.202814582005009
-4.1368668715903825,-4.25819056659739
2.2225291477041322,1.1928570495512298
-3.2741523552382668,4.08804453287471
-0.8837045081546794,-4.9500270990157516
2.3244613139021153,1.4847700266936406
0.9824925884851614,0.0467761465083225
1.0060261580359524,-4.95009568047162
-2.144433537165121,-4.9501002096419
-2.928324080237538,2.197550421367175
2.5542780143815973,0.4097663644213952
-2.8942473263654502,-3.894749989967629
1.9042179778746235,-0.9617880821355969
-2.7501490154457895,-4.950039873101696
-0.33581477189914405,-4.9500617200892
3.040257033024316,3.013912885735381
-4.3535059603684685,-1.4725269346269518
-1.8688906624836195,1.2142053246639373
-4.950004872307407,1.0365020040448163
-4.9501871558589,-2.8657105562076324
1.4113270215113118,2.348480364802821
-2.242304025216588,3.2264687696387355
-0.3336416397836904,0.06485699389867763
0.19139759780456778,3.7552216234575395
2.6589393158593366,2.0158317772414756
-3.204737973753476,1.7066481072488393
-0.03884679285300903,3.7189678539142625
0.5812001831893013,2.732323192203455
-3.056850548313784,-1.3904859867605752
2.5490746437867045,2.8013817486498698
-3.279870539581846,-3.1412588923994953
2.4087887858375603,1.6401445082599793
-3.2847370672225487,-3.85036022947947
-4.34371151766185,-4.541828035448052
-3.5044418513031284,-3.69651426569799
1.0589271463830559,-0.8779005189354641
-4.087229553650956,-4.835709602188207
-4.565791391671247,1.000588204951381
3.177182161935766,2.571651827928518
-3.0491339951041816,2.5286310275009276
2.510738527416203,1.807497987638441
-4.950043454077795,-1.8186586989175741
-4.950020211927558,-3.387735015424344
-2.373928278884739,1.6648440386099466
-3.354727016918174,0.17889382867975137
-2.2175045999451837,-3.477193860882231
-2.475666441904983,-2.6813646595936738
3.168336915944151,3.065279864082309
-4.164533806992818,-3.6781636935947426
-2.928371982128861,2.1974406220107814
0.9272081106367264,1.2177817726946725
-2.600907764600523,-4.9503301593007505
1.0045467063981888,-4.950025003915023
1.0057931329014997,-4.950107332854845
1.340441094606636,-1.1689360295876428
-4.950030546633593,-3.9148982588451977
2.11895299911599,0.30816491634129467
2.986490416271206,1.0565597432904734
-0.7036306531700586,0.8746655433040852
-2.7339206406238197,-3.4372001609232568
2.490095553159872,-2.5618697495867995
1.024737856785106,-4.950109379689424
-2.1936297417472206,-4.950097966735676
-3.1129614963015264,-4.5344932550540715
-3.0436238189906564,2.0242946300519176
2.4113010023143837,1.6449273952373153
3.1658306979286146,3.064285772857984
0.17215338552804116,-3.7864272790930715
-3.8069053535414534,-3.7847536065263316
2.666843058499765,2.297465607076086
-3.436127537139472,-2.019174227326884
